time,subject,fuzzer,run,cov_type,cov
1764776409,live555,aflnet,1,l_per,13.6
1764776409,live555,aflnet,1,l_abs,3223
1764776409,live555,aflnet,1,b_per,8.1
1764776409,live555,aflnet,1,b_abs,1498
1764778810,live555,aflnet,1,l_per,14.2
1764778810,live555,aflnet,1,l_abs,3368
1764778810,live555,aflnet,1,b_per,8.3
1764778810,live555,aflnet,1,b_abs,1537
1764781212,live555,aflnet,1,l_per,17.1
1764781212,live555,aflnet,1,l_abs,4067
1764781212,live555,aflnet,1,b_per,10.0
1764781212,live555,aflnet,1,b_abs,1861
1764783613,live555,aflnet,1,l_per,19.3
1764783613,live555,aflnet,1,l_abs,4591
1764783613,live555,aflnet,1,b_per,11.2
1764783613,live555,aflnet,1,b_abs,2083
1764786015,live555,aflnet,1,l_per,21.0
1764786015,live555,aflnet,1,l_abs,5008
1764786015,live555,aflnet,1,b_per,12.1
1764786015,live555,aflnet,1,b_abs,2242
1764788416,live555,aflnet,1,l_per,21.9
1764788416,live555,aflnet,1,l_abs,5216
1764788416,live555,aflnet,1,b_per,12.8
1764788416,live555,aflnet,1,b_abs,2365
1764790818,live555,aflnet,1,l_per,22.5
1764790818,live555,aflnet,1,l_abs,5364
1764790818,live555,aflnet,1,b_per,13.2
1764790818,live555,aflnet,1,b_abs,2441
1764776409,live555,aflnet,1,l_per,22.5
1764776409,live555,aflnet,1,l_abs,5364
1764776409,live555,aflnet,1,b_per,13.2
1764776409,live555,aflnet,1,b_abs,2441
1764778810,live555,aflnet,1,l_per,22.5
1764778810,live555,aflnet,1,l_abs,5364
1764778810,live555,aflnet,1,b_per,13.2
1764778810,live555,aflnet,1,b_abs,2441
1764781212,live555,aflnet,1,l_per,22.5
1764781212,live555,aflnet,1,l_abs,5364
1764781212,live555,aflnet,1,b_per,13.2
1764781212,live555,aflnet,1,b_abs,2441
1764783613,live555,aflnet,1,l_per,22.5
1764783613,live555,aflnet,1,l_abs,5364
1764783613,live555,aflnet,1,b_per,13.2
1764783613,live555,aflnet,1,b_abs,2441
1764786015,live555,aflnet,1,l_per,22.5
1764786015,live555,aflnet,1,l_abs,5364
1764786015,live555,aflnet,1,b_per,13.2
1764786015,live555,aflnet,1,b_abs,2441
1764788416,live555,aflnet,1,l_per,22.5
1764788416,live555,aflnet,1,l_abs,5364
1764788416,live555,aflnet,1,b_per,13.2
1764788416,live555,aflnet,1,b_abs,2441
1764790818,live555,aflnet,1,l_per,22.5
1764790818,live555,aflnet,1,l_abs,5364
1764790818,live555,aflnet,1,b_per,13.2
1764790818,live555,aflnet,1,b_abs,2441
1764790882,live555,aflnet,1,l_per,22.6
1764790882,live555,aflnet,1,l_abs,5387
1764790882,live555,aflnet,1,b_per,13.3
1764790882,live555,aflnet,1,b_abs,2455
1764791422,live555,aflnet,1,l_per,22.6
1764791422,live555,aflnet,1,l_abs,5387
1764791422,live555,aflnet,1,b_per,13.3
1764791422,live555,aflnet,1,b_abs,2471
1764791963,live555,aflnet,1,l_per,22.6
1764791963,live555,aflnet,1,l_abs,5392
1764791963,live555,aflnet,1,b_per,13.4
1764791963,live555,aflnet,1,b_abs,2475
1764792503,live555,aflnet,1,l_per,22.7
1764792503,live555,aflnet,1,l_abs,5405
1764792503,live555,aflnet,1,b_per,13.4
1764792503,live555,aflnet,1,b_abs,2485
1764793043,live555,aflnet,1,l_per,22.7
1764793043,live555,aflnet,1,l_abs,5405
1764793043,live555,aflnet,1,b_per,13.4
1764793043,live555,aflnet,1,b_abs,2485
1764793584,live555,aflnet,1,l_per,22.7
1764793584,live555,aflnet,1,l_abs,5405
1764793584,live555,aflnet,1,b_per,13.4
1764793584,live555,aflnet,1,b_abs,2485
1764794124,live555,aflnet,1,l_per,22.7
1764794124,live555,aflnet,1,l_abs,5418
1764794124,live555,aflnet,1,b_per,13.5
1764794124,live555,aflnet,1,b_abs,2492
1764796585,live555,aflnet,1,l_per,22.7
1764796585,live555,aflnet,1,l_abs,5421
1764796585,live555,aflnet,1,b_per,13.5
1764796585,live555,aflnet,1,b_abs,2498
1764797186,live555,aflnet,1,l_per,22.7
1764797186,live555,aflnet,1,l_abs,5421
1764797186,live555,aflnet,1,b_per,13.5
1764797186,live555,aflnet,1,b_abs,2498
1764797726,live555,aflnet,1,l_per,22.7
1764797726,live555,aflnet,1,l_abs,5421
1764797726,live555,aflnet,1,b_per,13.5
1764797726,live555,aflnet,1,b_abs,2499
1764798266,live555,aflnet,1,l_per,22.7
1764798266,live555,aflnet,1,l_abs,5421
1764798266,live555,aflnet,1,b_per,13.5
1764798266,live555,aflnet,1,b_abs,2500
1764800729,live555,aflnet,1,l_per,22.7
1764800729,live555,aflnet,1,l_abs,5421
1764800729,live555,aflnet,1,b_per,13.5
1764800729,live555,aflnet,1,b_abs,2501
1764801270,live555,aflnet,1,l_per,22.7
1764801270,live555,aflnet,1,l_abs,5421
1764801270,live555,aflnet,1,b_per,13.5
1764801270,live555,aflnet,1,b_abs,2502
1764801810,live555,aflnet,1,l_per,22.7
1764801810,live555,aflnet,1,l_abs,5421
1764801810,live555,aflnet,1,b_per,13.5
1764801810,live555,aflnet,1,b_abs,2502
1764802350,live555,aflnet,1,l_per,22.7
1764802350,live555,aflnet,1,l_abs,5421
1764802350,live555,aflnet,1,b_per,13.5
1764802350,live555,aflnet,1,b_abs,2502
1764802951,live555,aflnet,1,l_per,22.7
1764802951,live555,aflnet,1,l_abs,5421
1764802951,live555,aflnet,1,b_per,13.5
1764802951,live555,aflnet,1,b_abs,2502
1764803551,live555,aflnet,1,l_per,22.7
1764803551,live555,aflnet,1,l_abs,5421
1764803551,live555,aflnet,1,b_per,13.5
1764803551,live555,aflnet,1,b_abs,2502
1764804091,live555,aflnet,1,l_per,22.7
1764804091,live555,aflnet,1,l_abs,5421
1764804091,live555,aflnet,1,b_per,13.5
1764804091,live555,aflnet,1,b_abs,2502
1764804631,live555,aflnet,1,l_per,22.7
1764804631,live555,aflnet,1,l_abs,5421
1764804631,live555,aflnet,1,b_per,13.5
1764804631,live555,aflnet,1,b_abs,2502
1764805232,live555,aflnet,1,l_per,22.7
1764805232,live555,aflnet,1,l_abs,5421
1764805232,live555,aflnet,1,b_per,13.5
1764805232,live555,aflnet,1,b_abs,2502
1764805832,live555,aflnet,1,l_per,22.7
1764805832,live555,aflnet,1,l_abs,5421
1764805832,live555,aflnet,1,b_per,13.5
1764805832,live555,aflnet,1,b_abs,2502
1764806372,live555,aflnet,1,l_per,22.7
1764806372,live555,aflnet,1,l_abs,5421
1764806372,live555,aflnet,1,b_per,13.5
1764806372,live555,aflnet,1,b_abs,2502
1764806913,live555,aflnet,1,l_per,22.7
1764806913,live555,aflnet,1,l_abs,5421
1764806913,live555,aflnet,1,b_per,13.5
1764806913,live555,aflnet,1,b_abs,2502
1764807453,live555,aflnet,1,l_per,22.7
1764807453,live555,aflnet,1,l_abs,5421
1764807453,live555,aflnet,1,b_per,13.5
1764807453,live555,aflnet,1,b_abs,2502
1764807994,live555,aflnet,1,l_per,22.7
1764807994,live555,aflnet,1,l_abs,5421
1764807994,live555,aflnet,1,b_per,13.5
1764807994,live555,aflnet,1,b_abs,2502
1764808534,live555,aflnet,1,l_per,22.7
1764808534,live555,aflnet,1,l_abs,5421
1764808534,live555,aflnet,1,b_per,13.5
1764808534,live555,aflnet,1,b_abs,2502
1764809074,live555,aflnet,1,l_per,22.7
1764809074,live555,aflnet,1,l_abs,5421
1764809074,live555,aflnet,1,b_per,13.5
1764809074,live555,aflnet,1,b_abs,2502
1764809615,live555,aflnet,1,l_per,22.7
1764809615,live555,aflnet,1,l_abs,5421
1764809615,live555,aflnet,1,b_per,13.5
1764809615,live555,aflnet,1,b_abs,2502
1764810155,live555,aflnet,1,l_per,22.7
1764810155,live555,aflnet,1,l_abs,5421
1764810155,live555,aflnet,1,b_per,13.5
1764810155,live555,aflnet,1,b_abs,2502
1764810696,live555,aflnet,1,l_per,22.7
1764810696,live555,aflnet,1,l_abs,5421
1764810696,live555,aflnet,1,b_per,13.5
1764810696,live555,aflnet,1,b_abs,2503
1764811296,live555,aflnet,1,l_per,22.7
1764811296,live555,aflnet,1,l_abs,5421
1764811296,live555,aflnet,1,b_per,13.5
1764811296,live555,aflnet,1,b_abs,2503
1764811837,live555,aflnet,1,l_per,22.7
1764811837,live555,aflnet,1,l_abs,5421
1764811837,live555,aflnet,1,b_per,13.5
1764811837,live555,aflnet,1,b_abs,2503
1764812377,live555,aflnet,1,l_per,22.7
1764812377,live555,aflnet,1,l_abs,5421
1764812377,live555,aflnet,1,b_per,13.5
1764812377,live555,aflnet,1,b_abs,2504
1764812918,live555,aflnet,1,l_per,22.7
1764812918,live555,aflnet,1,l_abs,5422
1764812918,live555,aflnet,1,b_per,13.5
1764812918,live555,aflnet,1,b_abs,2506
1764813518,live555,aflnet,1,l_per,22.7
1764813518,live555,aflnet,1,l_abs,5422
1764813518,live555,aflnet,1,b_per,13.5
1764813518,live555,aflnet,1,b_abs,2506
1764814058,live555,aflnet,1,l_per,22.7
1764814058,live555,aflnet,1,l_abs,5424
1764814058,live555,aflnet,1,b_per,13.5
1764814058,live555,aflnet,1,b_abs,2508
1764814599,live555,aflnet,1,l_per,22.7
1764814599,live555,aflnet,1,l_abs,5424
1764814599,live555,aflnet,1,b_per,13.5
1764814599,live555,aflnet,1,b_abs,2509
1764815199,live555,aflnet,1,l_per,22.7
1764815199,live555,aflnet,1,l_abs,5424
1764815199,live555,aflnet,1,b_per,13.6
1764815199,live555,aflnet,1,b_abs,2510
1764815739,live555,aflnet,1,l_per,22.7
1764815739,live555,aflnet,1,l_abs,5424
1764815739,live555,aflnet,1,b_per,13.6
1764815739,live555,aflnet,1,b_abs,2510
1764816279,live555,aflnet,1,l_per,22.7
1764816279,live555,aflnet,1,l_abs,5424
1764816279,live555,aflnet,1,b_per,13.6
1764816279,live555,aflnet,1,b_abs,2511
1764816820,live555,aflnet,1,l_per,22.7
1764816820,live555,aflnet,1,l_abs,5424
1764816820,live555,aflnet,1,b_per,13.6
1764816820,live555,aflnet,1,b_abs,2511
1764817480,live555,aflnet,1,l_per,22.7
1764817480,live555,aflnet,1,l_abs,5424
1764817480,live555,aflnet,1,b_per,13.6
1764817480,live555,aflnet,1,b_abs,2511
1764818081,live555,aflnet,1,l_per,22.7
1764818081,live555,aflnet,1,l_abs,5424
1764818081,live555,aflnet,1,b_per,13.6
1764818081,live555,aflnet,1,b_abs,2512
1764818682,live555,aflnet,1,l_per,22.7
1764818682,live555,aflnet,1,l_abs,5424
1764818682,live555,aflnet,1,b_per,13.6
1764818682,live555,aflnet,1,b_abs,2512
1764819223,live555,aflnet,1,l_per,22.7
1764819223,live555,aflnet,1,l_abs,5424
1764819223,live555,aflnet,1,b_per,13.6
1764819223,live555,aflnet,1,b_abs,2512
1764819763,live555,aflnet,1,l_per,22.8
1764819763,live555,aflnet,1,l_abs,5426
1764819763,live555,aflnet,1,b_per,13.6
1764819763,live555,aflnet,1,b_abs,2513
1764820424,live555,aflnet,1,l_per,22.8
1764820424,live555,aflnet,1,l_abs,5426
1764820424,live555,aflnet,1,b_per,13.6
1764820424,live555,aflnet,1,b_abs,2513
1764821084,live555,aflnet,1,l_per,22.8
1764821084,live555,aflnet,1,l_abs,5426
1764821084,live555,aflnet,1,b_per,13.6
1764821084,live555,aflnet,1,b_abs,2513
1764823606,live555,aflnet,1,l_per,22.8
1764823606,live555,aflnet,1,l_abs,5426
1764823606,live555,aflnet,1,b_per,13.6
1764823606,live555,aflnet,1,b_abs,2513
1764824206,live555,aflnet,1,l_per,22.8
1764824206,live555,aflnet,1,l_abs,5426
1764824206,live555,aflnet,1,b_per,13.6
1764824206,live555,aflnet,1,b_abs,2513
1764824927,live555,aflnet,1,l_per,22.8
1764824927,live555,aflnet,1,l_abs,5426
1764824927,live555,aflnet,1,b_per,13.6
1764824927,live555,aflnet,1,b_abs,2514
1764825467,live555,aflnet,1,l_per,22.8
1764825467,live555,aflnet,1,l_abs,5426
1764825467,live555,aflnet,1,b_per,13.6
1764825467,live555,aflnet,1,b_abs,2515
1764826008,live555,aflnet,1,l_per,22.8
1764826008,live555,aflnet,1,l_abs,5426
1764826008,live555,aflnet,1,b_per,13.6
1764826008,live555,aflnet,1,b_abs,2515
1764826548,live555,aflnet,1,l_per,22.8
1764826548,live555,aflnet,1,l_abs,5426
1764826548,live555,aflnet,1,b_per,13.6
1764826548,live555,aflnet,1,b_abs,2516
1764827148,live555,aflnet,1,l_per,22.8
1764827148,live555,aflnet,1,l_abs,5426
1764827148,live555,aflnet,1,b_per,13.6
1764827148,live555,aflnet,1,b_abs,2517
1764827688,live555,aflnet,1,l_per,22.8
1764827688,live555,aflnet,1,l_abs,5426
1764827688,live555,aflnet,1,b_per,13.6
1764827688,live555,aflnet,1,b_abs,2517
1764828289,live555,aflnet,1,l_per,22.8
1764828289,live555,aflnet,1,l_abs,5426
1764828289,live555,aflnet,1,b_per,13.6
1764828289,live555,aflnet,1,b_abs,2517
1764828829,live555,aflnet,1,l_per,22.8
1764828829,live555,aflnet,1,l_abs,5426
1764828829,live555,aflnet,1,b_per,13.6
1764828829,live555,aflnet,1,b_abs,2517
1764829490,live555,aflnet,1,l_per,22.8
1764829490,live555,aflnet,1,l_abs,5426
1764829490,live555,aflnet,1,b_per,13.6
1764829490,live555,aflnet,1,b_abs,2517
1764830331,live555,aflnet,1,l_per,22.8
1764830331,live555,aflnet,1,l_abs,5426
1764830331,live555,aflnet,1,b_per,13.6
1764830331,live555,aflnet,1,b_abs,2517
1764830931,live555,aflnet,1,l_per,22.8
1764830931,live555,aflnet,1,l_abs,5427
1764830931,live555,aflnet,1,b_per,13.6
1764830931,live555,aflnet,1,b_abs,2519
1764831833,live555,aflnet,1,l_per,22.8
1764831833,live555,aflnet,1,l_abs,5427
1764831833,live555,aflnet,1,b_per,13.6
1764831833,live555,aflnet,1,b_abs,2520
1764832494,live555,aflnet,1,l_per,22.8
1764832494,live555,aflnet,1,l_abs,5427
1764832494,live555,aflnet,1,b_per,13.6
1764832494,live555,aflnet,1,b_abs,2520
1764833035,live555,aflnet,1,l_per,22.8
1764833035,live555,aflnet,1,l_abs,5427
1764833035,live555,aflnet,1,b_per,13.6
1764833035,live555,aflnet,1,b_abs,2525
1764833636,live555,aflnet,1,l_per,22.8
1764833636,live555,aflnet,1,l_abs,5427
1764833636,live555,aflnet,1,b_per,13.6
1764833636,live555,aflnet,1,b_abs,2525
1764834178,live555,aflnet,1,l_per,22.8
1764834178,live555,aflnet,1,l_abs,5427
1764834178,live555,aflnet,1,b_per,13.6
1764834178,live555,aflnet,1,b_abs,2526
1764834719,live555,aflnet,1,l_per,22.8
1764834719,live555,aflnet,1,l_abs,5427
1764834719,live555,aflnet,1,b_per,13.6
1764834719,live555,aflnet,1,b_abs,2526
1764835259,live555,aflnet,1,l_per,22.8
1764835259,live555,aflnet,1,l_abs,5427
1764835259,live555,aflnet,1,b_per,13.6
1764835259,live555,aflnet,1,b_abs,2526
1764836101,live555,aflnet,1,l_per,22.8
1764836101,live555,aflnet,1,l_abs,5427
1764836101,live555,aflnet,1,b_per,13.6
1764836101,live555,aflnet,1,b_abs,2526
1764836702,live555,aflnet,1,l_per,22.8
1764836702,live555,aflnet,1,l_abs,5427
1764836702,live555,aflnet,1,b_per,13.6
1764836702,live555,aflnet,1,b_abs,2526
1764837243,live555,aflnet,1,l_per,22.8
1764837243,live555,aflnet,1,l_abs,5427
1764837243,live555,aflnet,1,b_per,13.6
1764837243,live555,aflnet,1,b_abs,2526
1764837784,live555,aflnet,1,l_per,22.8
1764837784,live555,aflnet,1,l_abs,5427
1764837784,live555,aflnet,1,b_per,13.6
1764837784,live555,aflnet,1,b_abs,2526
1764838568,live555,aflnet,1,l_per,22.8
1764838568,live555,aflnet,1,l_abs,5427
1764838568,live555,aflnet,1,b_per,13.6
1764838568,live555,aflnet,1,b_abs,2526
1764839589,live555,aflnet,1,l_per,22.8
1764839589,live555,aflnet,1,l_abs,5427
1764839589,live555,aflnet,1,b_per,13.6
1764839589,live555,aflnet,1,b_abs,2526
1764840191,live555,aflnet,1,l_per,22.8
1764840191,live555,aflnet,1,l_abs,5427
1764840191,live555,aflnet,1,b_per,13.6
1764840191,live555,aflnet,1,b_abs,2526
1764841034,live555,aflnet,1,l_per,22.8
1764841034,live555,aflnet,1,l_abs,5427
1764841034,live555,aflnet,1,b_per,13.6
1764841034,live555,aflnet,1,b_abs,2526
1764841636,live555,aflnet,1,l_per,22.8
1764841636,live555,aflnet,1,l_abs,5427
1764841636,live555,aflnet,1,b_per,13.6
1764841636,live555,aflnet,1,b_abs,2526
1764842177,live555,aflnet,1,l_per,22.8
1764842177,live555,aflnet,1,l_abs,5437
1764842177,live555,aflnet,1,b_per,13.8
1764842177,live555,aflnet,1,b_abs,2552
1764842839,live555,aflnet,1,l_per,22.8
1764842839,live555,aflnet,1,l_abs,5437
1764842839,live555,aflnet,1,b_per,13.8
1764842839,live555,aflnet,1,b_abs,2552
1764843380,live555,aflnet,1,l_per,22.8
1764843380,live555,aflnet,1,l_abs,5437
1764843380,live555,aflnet,1,b_per,13.8
1764843380,live555,aflnet,1,b_abs,2552
1764844222,live555,aflnet,1,l_per,22.8
1764844222,live555,aflnet,1,l_abs,5437
1764844222,live555,aflnet,1,b_per,13.8
1764844222,live555,aflnet,1,b_abs,2554
1764845123,live555,aflnet,1,l_per,22.8
1764845123,live555,aflnet,1,l_abs,5437
1764845123,live555,aflnet,1,b_per,13.8
1764845123,live555,aflnet,1,b_abs,2554
1764845664,live555,aflnet,1,l_per,22.8
1764845664,live555,aflnet,1,l_abs,5437
1764845664,live555,aflnet,1,b_per,13.8
1764845664,live555,aflnet,1,b_abs,2554
1764847586,live555,aflnet,1,l_per,22.8
1764847586,live555,aflnet,1,l_abs,5437
1764847586,live555,aflnet,1,b_per,13.8
1764847586,live555,aflnet,1,b_abs,2554
1764848188,live555,aflnet,1,l_per,22.8
1764848188,live555,aflnet,1,l_abs,5437
1764848188,live555,aflnet,1,b_per,13.8
1764848188,live555,aflnet,1,b_abs,2554
1764848729,live555,aflnet,1,l_per,22.8
1764848729,live555,aflnet,1,l_abs,5437
1764848729,live555,aflnet,1,b_per,13.8
1764848729,live555,aflnet,1,b_abs,2554
1764849390,live555,aflnet,1,l_per,22.8
1764849390,live555,aflnet,1,l_abs,5437
1764849390,live555,aflnet,1,b_per,13.8
1764849390,live555,aflnet,1,b_abs,2554
1764850111,live555,aflnet,1,l_per,22.8
1764850111,live555,aflnet,1,l_abs,5437
1764850111,live555,aflnet,1,b_per,13.8
1764850111,live555,aflnet,1,b_abs,2554
1764850832,live555,aflnet,1,l_per,22.8
1764850832,live555,aflnet,1,l_abs,5437
1764850832,live555,aflnet,1,b_per,13.8
1764850832,live555,aflnet,1,b_abs,2554
1764851553,live555,aflnet,1,l_per,22.8
1764851553,live555,aflnet,1,l_abs,5437
1764851553,live555,aflnet,1,b_per,13.8
1764851553,live555,aflnet,1,b_abs,2554
1764852154,live555,aflnet,1,l_per,22.8
1764852154,live555,aflnet,1,l_abs,5437
1764852154,live555,aflnet,1,b_per,13.8
1764852154,live555,aflnet,1,b_abs,2554
1764852754,live555,aflnet,1,l_per,22.8
1764852754,live555,aflnet,1,l_abs,5437
1764852754,live555,aflnet,1,b_per,13.8
1764852754,live555,aflnet,1,b_abs,2554
1764853295,live555,aflnet,1,l_per,22.8
1764853295,live555,aflnet,1,l_abs,5437
1764853295,live555,aflnet,1,b_per,13.8
1764853295,live555,aflnet,1,b_abs,2554
1764854257,live555,aflnet,1,l_per,22.8
1764854257,live555,aflnet,1,l_abs,5437
1764854257,live555,aflnet,1,b_per,13.8
1764854257,live555,aflnet,1,b_abs,2554
1764855820,live555,aflnet,1,l_per,22.8
1764855820,live555,aflnet,1,l_abs,5439
1764855820,live555,aflnet,1,b_per,13.8
1764855820,live555,aflnet,1,b_abs,2556
1764856481,live555,aflnet,1,l_per,22.8
1764856481,live555,aflnet,1,l_abs,5439
1764856481,live555,aflnet,1,b_per,13.8
1764856481,live555,aflnet,1,b_abs,2556
1764857503,live555,aflnet,1,l_per,22.8
1764857503,live555,aflnet,1,l_abs,5439
1764857503,live555,aflnet,1,b_per,13.8
1764857503,live555,aflnet,1,b_abs,2556
1764858165,live555,aflnet,1,l_per,22.8
1764858165,live555,aflnet,1,l_abs,5439
1764858165,live555,aflnet,1,b_per,13.8
1764858165,live555,aflnet,1,b_abs,2556
1764858706,live555,aflnet,1,l_per,22.8
1764858706,live555,aflnet,1,l_abs,5439
1764858706,live555,aflnet,1,b_per,13.8
1764858706,live555,aflnet,1,b_abs,2556
1764859308,live555,aflnet,1,l_per,22.8
1764859308,live555,aflnet,1,l_abs,5439
1764859308,live555,aflnet,1,b_per,13.8
1764859308,live555,aflnet,1,b_abs,2557
1764860030,live555,aflnet,1,l_per,22.8
1764860030,live555,aflnet,1,l_abs,5439
1764860030,live555,aflnet,1,b_per,13.8
1764860030,live555,aflnet,1,b_abs,2557
1764860751,live555,aflnet,1,l_per,22.8
1764860751,live555,aflnet,1,l_abs,5439
1764860751,live555,aflnet,1,b_per,13.8
1764860751,live555,aflnet,1,b_abs,2557
1764861292,live555,aflnet,1,l_per,22.8
1764861292,live555,aflnet,1,l_abs,5449
1764861292,live555,aflnet,1,b_per,13.9
1764861292,live555,aflnet,1,b_abs,2571
1764861833,live555,aflnet,1,l_per,22.8
1764861833,live555,aflnet,1,l_abs,5449
1764861833,live555,aflnet,1,b_per,13.9
1764861833,live555,aflnet,1,b_abs,2571
1764862374,live555,aflnet,1,l_per,22.8
1764862374,live555,aflnet,1,l_abs,5449
1764862374,live555,aflnet,1,b_per,13.9
1764862374,live555,aflnet,1,b_abs,2571
1764863216,live555,aflnet,1,l_per,22.8
1764863216,live555,aflnet,1,l_abs,5449
1764863216,live555,aflnet,1,b_per,13.9
1764863216,live555,aflnet,1,b_abs,2571
1764776555,live555,chatafl,1,l_per,9.1
1764776555,live555,chatafl,1,l_abs,2152
1764776555,live555,chatafl,1,b_per,5.6
1764776555,live555,chatafl,1,b_abs,1032
1764778956,live555,chatafl,1,l_per,13.9
1764778956,live555,chatafl,1,l_abs,3309
1764778956,live555,chatafl,1,b_per,8.3
1764778956,live555,chatafl,1,b_abs,1535
1764781358,live555,chatafl,1,l_per,17.1
1764781358,live555,chatafl,1,l_abs,4057
1764781358,live555,chatafl,1,b_per,10.2
1764781358,live555,chatafl,1,b_abs,1882
1764783759,live555,chatafl,1,l_per,18.3
1764783759,live555,chatafl,1,l_abs,4356
1764783759,live555,chatafl,1,b_per,10.8
1764783759,live555,chatafl,1,b_abs,2003
1764786161,live555,chatafl,1,l_per,20.1
1764786161,live555,chatafl,1,l_abs,4786
1764786161,live555,chatafl,1,b_per,11.7
1764786161,live555,chatafl,1,b_abs,2169
1764788562,live555,chatafl,1,l_per,20.9
1764788562,live555,chatafl,1,l_abs,4991
1764788562,live555,chatafl,1,b_per,12.4
1764788562,live555,chatafl,1,b_abs,2291
1764790964,live555,chatafl,1,l_per,21.6
1764790964,live555,chatafl,1,l_abs,5141
1764790964,live555,chatafl,1,b_per,12.8
1764790964,live555,chatafl,1,b_abs,2369
1764776555,live555,chatafl,1,l_per,21.8
1764776555,live555,chatafl,1,l_abs,5194
1764776555,live555,chatafl,1,b_per,12.9
1764776555,live555,chatafl,1,b_abs,2388
1764778956,live555,chatafl,1,l_per,21.8
1764778956,live555,chatafl,1,l_abs,5194
1764778956,live555,chatafl,1,b_per,12.9
1764778956,live555,chatafl,1,b_abs,2388
1764781358,live555,chatafl,1,l_per,21.8
1764781358,live555,chatafl,1,l_abs,5194
1764781358,live555,chatafl,1,b_per,12.9
1764781358,live555,chatafl,1,b_abs,2388
1764783759,live555,chatafl,1,l_per,22.7
1764783759,live555,chatafl,1,l_abs,5406
1764783759,live555,chatafl,1,b_per,13.4
1764783759,live555,chatafl,1,b_abs,2481
1764786161,live555,chatafl,1,l_per,22.7
1764786161,live555,chatafl,1,l_abs,5406
1764786161,live555,chatafl,1,b_per,13.4
1764786161,live555,chatafl,1,b_abs,2481
1764788562,live555,chatafl,1,l_per,22.7
1764788562,live555,chatafl,1,l_abs,5406
1764788562,live555,chatafl,1,b_per,13.4
1764788562,live555,chatafl,1,b_abs,2481
1764790964,live555,chatafl,1,l_per,22.7
1764790964,live555,chatafl,1,l_abs,5406
1764790964,live555,chatafl,1,b_per,13.4
1764790964,live555,chatafl,1,b_abs,2481
1764791028,live555,chatafl,1,l_per,22.7
1764791028,live555,chatafl,1,l_abs,5406
1764791028,live555,chatafl,1,b_per,13.4
1764791028,live555,chatafl,1,b_abs,2483
1764793489,live555,chatafl,1,l_per,22.7
1764793489,live555,chatafl,1,l_abs,5406
1764793489,live555,chatafl,1,b_per,13.4
1764793489,live555,chatafl,1,b_abs,2483
1764794030,live555,chatafl,1,l_per,22.7
1764794030,live555,chatafl,1,l_abs,5406
1764794030,live555,chatafl,1,b_per,13.4
1764794030,live555,chatafl,1,b_abs,2483
1764794570,live555,chatafl,1,l_per,22.7
1764794570,live555,chatafl,1,l_abs,5410
1764794570,live555,chatafl,1,b_per,13.4
1764794570,live555,chatafl,1,b_abs,2485
1764795170,live555,chatafl,1,l_per,22.7
1764795170,live555,chatafl,1,l_abs,5410
1764795170,live555,chatafl,1,b_per,13.4
1764795170,live555,chatafl,1,b_abs,2485
1764795710,live555,chatafl,1,l_per,22.8
1764795710,live555,chatafl,1,l_abs,5431
1764795710,live555,chatafl,1,b_per,13.5
1764795710,live555,chatafl,1,b_abs,2499
1764796251,live555,chatafl,1,l_per,22.8
1764796251,live555,chatafl,1,l_abs,5433
1764796251,live555,chatafl,1,b_per,13.5
1764796251,live555,chatafl,1,b_abs,2501
1764796851,live555,chatafl,1,l_per,22.8
1764796851,live555,chatafl,1,l_abs,5433
1764796851,live555,chatafl,1,b_per,13.5
1764796851,live555,chatafl,1,b_abs,2501
1764797392,live555,chatafl,1,l_per,22.8
1764797392,live555,chatafl,1,l_abs,5433
1764797392,live555,chatafl,1,b_per,13.6
1764797392,live555,chatafl,1,b_abs,2515
1764797932,live555,chatafl,1,l_per,22.8
1764797932,live555,chatafl,1,l_abs,5433
1764797932,live555,chatafl,1,b_per,13.6
1764797932,live555,chatafl,1,b_abs,2515
1764798472,live555,chatafl,1,l_per,22.8
1764798472,live555,chatafl,1,l_abs,5433
1764798472,live555,chatafl,1,b_per,13.6
1764798472,live555,chatafl,1,b_abs,2515
1764799013,live555,chatafl,1,l_per,22.8
1764799013,live555,chatafl,1,l_abs,5433
1764799013,live555,chatafl,1,b_per,13.6
1764799013,live555,chatafl,1,b_abs,2515
1764799553,live555,chatafl,1,l_per,22.8
1764799553,live555,chatafl,1,l_abs,5438
1764799553,live555,chatafl,1,b_per,13.6
1764799553,live555,chatafl,1,b_abs,2522
1764800093,live555,chatafl,1,l_per,22.8
1764800093,live555,chatafl,1,l_abs,5438
1764800093,live555,chatafl,1,b_per,13.6
1764800093,live555,chatafl,1,b_abs,2522
1764800634,live555,chatafl,1,l_per,22.8
1764800634,live555,chatafl,1,l_abs,5438
1764800634,live555,chatafl,1,b_per,13.6
1764800634,live555,chatafl,1,b_abs,2523
1764801234,live555,chatafl,1,l_per,22.8
1764801234,live555,chatafl,1,l_abs,5438
1764801234,live555,chatafl,1,b_per,13.6
1764801234,live555,chatafl,1,b_abs,2523
1764801774,live555,chatafl,1,l_per,22.8
1764801774,live555,chatafl,1,l_abs,5438
1764801774,live555,chatafl,1,b_per,13.6
1764801774,live555,chatafl,1,b_abs,2523
1764802314,live555,chatafl,1,l_per,22.8
1764802314,live555,chatafl,1,l_abs,5438
1764802314,live555,chatafl,1,b_per,13.6
1764802314,live555,chatafl,1,b_abs,2525
1764802855,live555,chatafl,1,l_per,22.8
1764802855,live555,chatafl,1,l_abs,5438
1764802855,live555,chatafl,1,b_per,13.6
1764802855,live555,chatafl,1,b_abs,2527
1764803395,live555,chatafl,1,l_per,22.8
1764803395,live555,chatafl,1,l_abs,5438
1764803395,live555,chatafl,1,b_per,13.7
1764803395,live555,chatafl,1,b_abs,2528
1764803935,live555,chatafl,1,l_per,22.8
1764803935,live555,chatafl,1,l_abs,5438
1764803935,live555,chatafl,1,b_per,13.7
1764803935,live555,chatafl,1,b_abs,2528
1764804536,live555,chatafl,1,l_per,22.8
1764804536,live555,chatafl,1,l_abs,5441
1764804536,live555,chatafl,1,b_per,13.7
1764804536,live555,chatafl,1,b_abs,2532
1764806999,live555,chatafl,1,l_per,22.8
1764806999,live555,chatafl,1,l_abs,5441
1764806999,live555,chatafl,1,b_per,13.7
1764806999,live555,chatafl,1,b_abs,2532
1764807539,live555,chatafl,1,l_per,22.8
1764807539,live555,chatafl,1,l_abs,5441
1764807539,live555,chatafl,1,b_per,13.7
1764807539,live555,chatafl,1,b_abs,2532
1764808080,live555,chatafl,1,l_per,22.8
1764808080,live555,chatafl,1,l_abs,5441
1764808080,live555,chatafl,1,b_per,13.7
1764808080,live555,chatafl,1,b_abs,2532
1764808800,live555,chatafl,1,l_per,22.8
1764808800,live555,chatafl,1,l_abs,5441
1764808800,live555,chatafl,1,b_per,13.7
1764808800,live555,chatafl,1,b_abs,2533
1764811264,live555,chatafl,1,l_per,22.8
1764811264,live555,chatafl,1,l_abs,5441
1764811264,live555,chatafl,1,b_per,13.7
1764811264,live555,chatafl,1,b_abs,2534
1764811984,live555,chatafl,1,l_per,22.8
1764811984,live555,chatafl,1,l_abs,5441
1764811984,live555,chatafl,1,b_per,13.7
1764811984,live555,chatafl,1,b_abs,2534
1764812524,live555,chatafl,1,l_per,22.8
1764812524,live555,chatafl,1,l_abs,5441
1764812524,live555,chatafl,1,b_per,13.7
1764812524,live555,chatafl,1,b_abs,2534
1764813065,live555,chatafl,1,l_per,22.8
1764813065,live555,chatafl,1,l_abs,5441
1764813065,live555,chatafl,1,b_per,13.7
1764813065,live555,chatafl,1,b_abs,2534
1764813605,live555,chatafl,1,l_per,22.8
1764813605,live555,chatafl,1,l_abs,5441
1764813605,live555,chatafl,1,b_per,13.7
1764813605,live555,chatafl,1,b_abs,2535
1764814446,live555,chatafl,1,l_per,22.8
1764814446,live555,chatafl,1,l_abs,5441
1764814446,live555,chatafl,1,b_per,13.7
1764814446,live555,chatafl,1,b_abs,2535
1764814986,live555,chatafl,1,l_per,22.8
1764814986,live555,chatafl,1,l_abs,5441
1764814986,live555,chatafl,1,b_per,13.7
1764814986,live555,chatafl,1,b_abs,2536
1764815646,live555,chatafl,1,l_per,22.8
1764815646,live555,chatafl,1,l_abs,5441
1764815646,live555,chatafl,1,b_per,13.7
1764815646,live555,chatafl,1,b_abs,2536
1764816247,live555,chatafl,1,l_per,22.8
1764816247,live555,chatafl,1,l_abs,5441
1764816247,live555,chatafl,1,b_per,13.7
1764816247,live555,chatafl,1,b_abs,2536
1764816907,live555,chatafl,1,l_per,22.8
1764816907,live555,chatafl,1,l_abs,5441
1764816907,live555,chatafl,1,b_per,13.7
1764816907,live555,chatafl,1,b_abs,2536
1764817448,live555,chatafl,1,l_per,22.8
1764817448,live555,chatafl,1,l_abs,5441
1764817448,live555,chatafl,1,b_per,13.7
1764817448,live555,chatafl,1,b_abs,2537
1764818049,live555,chatafl,1,l_per,22.8
1764818049,live555,chatafl,1,l_abs,5441
1764818049,live555,chatafl,1,b_per,13.7
1764818049,live555,chatafl,1,b_abs,2537
1764818589,live555,chatafl,1,l_per,22.8
1764818589,live555,chatafl,1,l_abs,5441
1764818589,live555,chatafl,1,b_per,13.7
1764818589,live555,chatafl,1,b_abs,2537
1764819130,live555,chatafl,1,l_per,22.8
1764819130,live555,chatafl,1,l_abs,5443
1764819130,live555,chatafl,1,b_per,13.7
1764819130,live555,chatafl,1,b_abs,2542
1764819670,live555,chatafl,1,l_per,22.8
1764819670,live555,chatafl,1,l_abs,5443
1764819670,live555,chatafl,1,b_per,13.7
1764819670,live555,chatafl,1,b_abs,2542
1764820211,live555,chatafl,1,l_per,22.8
1764820211,live555,chatafl,1,l_abs,5443
1764820211,live555,chatafl,1,b_per,13.7
1764820211,live555,chatafl,1,b_abs,2542
1764820751,live555,chatafl,1,l_per,22.8
1764820751,live555,chatafl,1,l_abs,5443
1764820751,live555,chatafl,1,b_per,13.7
1764820751,live555,chatafl,1,b_abs,2544
1764821532,live555,chatafl,1,l_per,22.8
1764821532,live555,chatafl,1,l_abs,5443
1764821532,live555,chatafl,1,b_per,13.7
1764821532,live555,chatafl,1,b_abs,2544
1764822192,live555,chatafl,1,l_per,22.8
1764822192,live555,chatafl,1,l_abs,5443
1764822192,live555,chatafl,1,b_per,13.7
1764822192,live555,chatafl,1,b_abs,2544
1764822973,live555,chatafl,1,l_per,22.8
1764822973,live555,chatafl,1,l_abs,5443
1764822973,live555,chatafl,1,b_per,13.7
1764822973,live555,chatafl,1,b_abs,2544
1764823573,live555,chatafl,1,l_per,22.8
1764823573,live555,chatafl,1,l_abs,5443
1764823573,live555,chatafl,1,b_per,13.7
1764823573,live555,chatafl,1,b_abs,2545
1764824294,live555,chatafl,1,l_per,22.8
1764824294,live555,chatafl,1,l_abs,5443
1764824294,live555,chatafl,1,b_per,13.7
1764824294,live555,chatafl,1,b_abs,2546
1764824894,live555,chatafl,1,l_per,22.8
1764824894,live555,chatafl,1,l_abs,5443
1764824894,live555,chatafl,1,b_per,13.7
1764824894,live555,chatafl,1,b_abs,2546
1764825434,live555,chatafl,1,l_per,22.8
1764825434,live555,chatafl,1,l_abs,5445
1764825434,live555,chatafl,1,b_per,13.8
1764825434,live555,chatafl,1,b_abs,2548
1764826095,live555,chatafl,1,l_per,22.8
1764826095,live555,chatafl,1,l_abs,5445
1764826095,live555,chatafl,1,b_per,13.8
1764826095,live555,chatafl,1,b_abs,2548
1764826635,live555,chatafl,1,l_per,22.8
1764826635,live555,chatafl,1,l_abs,5445
1764826635,live555,chatafl,1,b_per,13.8
1764826635,live555,chatafl,1,b_abs,2548
1764827176,live555,chatafl,1,l_per,22.8
1764827176,live555,chatafl,1,l_abs,5445
1764827176,live555,chatafl,1,b_per,13.8
1764827176,live555,chatafl,1,b_abs,2548
1764828076,live555,chatafl,1,l_per,22.8
1764828076,live555,chatafl,1,l_abs,5445
1764828076,live555,chatafl,1,b_per,13.8
1764828076,live555,chatafl,1,b_abs,2548
1764828797,live555,chatafl,1,l_per,22.8
1764828797,live555,chatafl,1,l_abs,5445
1764828797,live555,chatafl,1,b_per,13.8
1764828797,live555,chatafl,1,b_abs,2548
1764829518,live555,chatafl,1,l_per,22.8
1764829518,live555,chatafl,1,l_abs,5445
1764829518,live555,chatafl,1,b_per,13.8
1764829518,live555,chatafl,1,b_abs,2548
1764830058,live555,chatafl,1,l_per,22.8
1764830058,live555,chatafl,1,l_abs,5445
1764830058,live555,chatafl,1,b_per,13.8
1764830058,live555,chatafl,1,b_abs,2549
1764830599,live555,chatafl,1,l_per,22.8
1764830599,live555,chatafl,1,l_abs,5445
1764830599,live555,chatafl,1,b_per,13.8
1764830599,live555,chatafl,1,b_abs,2549
1764831379,live555,chatafl,1,l_per,22.8
1764831379,live555,chatafl,1,l_abs,5445
1764831379,live555,chatafl,1,b_per,13.8
1764831379,live555,chatafl,1,b_abs,2549
1764832581,live555,chatafl,1,l_per,22.8
1764832581,live555,chatafl,1,l_abs,5445
1764832581,live555,chatafl,1,b_per,13.8
1764832581,live555,chatafl,1,b_abs,2549
1764833483,live555,chatafl,1,l_per,22.8
1764833483,live555,chatafl,1,l_abs,5446
1764833483,live555,chatafl,1,b_per,13.8
1764833483,live555,chatafl,1,b_abs,2551
1764834144,live555,chatafl,1,l_per,22.8
1764834144,live555,chatafl,1,l_abs,5447
1764834144,live555,chatafl,1,b_per,13.8
1764834144,live555,chatafl,1,b_abs,2552
1764834806,live555,chatafl,1,l_per,22.8
1764834806,live555,chatafl,1,l_abs,5448
1764834806,live555,chatafl,1,b_per,13.8
1764834806,live555,chatafl,1,b_abs,2553
1764835528,live555,chatafl,1,l_per,22.8
1764835528,live555,chatafl,1,l_abs,5448
1764835528,live555,chatafl,1,b_per,13.8
1764835528,live555,chatafl,1,b_abs,2553
1764836249,live555,chatafl,1,l_per,22.8
1764836249,live555,chatafl,1,l_abs,5448
1764836249,live555,chatafl,1,b_per,13.8
1764836249,live555,chatafl,1,b_abs,2553
1764836790,live555,chatafl,1,l_per,22.8
1764836790,live555,chatafl,1,l_abs,5448
1764836790,live555,chatafl,1,b_per,13.8
1764836790,live555,chatafl,1,b_abs,2553
1764837573,live555,chatafl,1,l_per,22.8
1764837573,live555,chatafl,1,l_abs,5448
1764837573,live555,chatafl,1,b_per,13.8
1764837573,live555,chatafl,1,b_abs,2553
1764838173,live555,chatafl,1,l_per,22.8
1764838173,live555,chatafl,1,l_abs,5448
1764838173,live555,chatafl,1,b_per,13.8
1764838173,live555,chatafl,1,b_abs,2553
1764838714,live555,chatafl,1,l_per,22.8
1764838714,live555,chatafl,1,l_abs,5448
1764838714,live555,chatafl,1,b_per,13.8
1764838714,live555,chatafl,1,b_abs,2553
1764839315,live555,chatafl,1,l_per,22.8
1764839315,live555,chatafl,1,l_abs,5448
1764839315,live555,chatafl,1,b_per,13.8
1764839315,live555,chatafl,1,b_abs,2553
1764839917,live555,chatafl,1,l_per,22.8
1764839917,live555,chatafl,1,l_abs,5448
1764839917,live555,chatafl,1,b_per,13.8
1764839917,live555,chatafl,1,b_abs,2553
1764840580,live555,chatafl,1,l_per,22.8
1764840580,live555,chatafl,1,l_abs,5448
1764840580,live555,chatafl,1,b_per,13.8
1764840580,live555,chatafl,1,b_abs,2553
1764841665,live555,chatafl,1,l_per,22.8
1764841665,live555,chatafl,1,l_abs,5448
1764841665,live555,chatafl,1,b_per,13.8
1764841665,live555,chatafl,1,b_abs,2553
1764842266,live555,chatafl,1,l_per,22.8
1764842266,live555,chatafl,1,l_abs,5448
1764842266,live555,chatafl,1,b_per,13.8
1764842266,live555,chatafl,1,b_abs,2553
1764842807,live555,chatafl,1,l_per,22.8
1764842807,live555,chatafl,1,l_abs,5448
1764842807,live555,chatafl,1,b_per,13.8
1764842807,live555,chatafl,1,b_abs,2553
1764843409,live555,chatafl,1,l_per,22.8
1764843409,live555,chatafl,1,l_abs,5448
1764843409,live555,chatafl,1,b_per,13.8
1764843409,live555,chatafl,1,b_abs,2553
1764844852,live555,chatafl,1,l_per,22.8
1764844852,live555,chatafl,1,l_abs,5449
1764844852,live555,chatafl,1,b_per,13.8
1764844852,live555,chatafl,1,b_abs,2562
1764845632,live555,chatafl,1,l_per,22.8
1764845632,live555,chatafl,1,l_abs,5449
1764845632,live555,chatafl,1,b_per,13.8
1764845632,live555,chatafl,1,b_abs,2562
1764846593,live555,chatafl,1,l_per,22.8
1764846593,live555,chatafl,1,l_abs,5449
1764846593,live555,chatafl,1,b_per,13.8
1764846593,live555,chatafl,1,b_abs,2562
1764847794,live555,chatafl,1,l_per,22.8
1764847794,live555,chatafl,1,l_abs,5449
1764847794,live555,chatafl,1,b_per,13.8
1764847794,live555,chatafl,1,b_abs,2562
1764848395,live555,chatafl,1,l_per,22.8
1764848395,live555,chatafl,1,l_abs,5449
1764848395,live555,chatafl,1,b_per,13.8
1764848395,live555,chatafl,1,b_abs,2563
1764849417,live555,chatafl,1,l_per,22.8
1764849417,live555,chatafl,1,l_abs,5449
1764849417,live555,chatafl,1,b_per,13.8
1764849417,live555,chatafl,1,b_abs,2563
1764850017,live555,chatafl,1,l_per,22.8
1764850017,live555,chatafl,1,l_abs,5449
1764850017,live555,chatafl,1,b_per,13.8
1764850017,live555,chatafl,1,b_abs,2563
1764850558,live555,chatafl,1,l_per,22.8
1764850558,live555,chatafl,1,l_abs,5449
1764850558,live555,chatafl,1,b_per,13.8
1764850558,live555,chatafl,1,b_abs,2563
1764851339,live555,chatafl,1,l_per,22.8
1764851339,live555,chatafl,1,l_abs,5449
1764851339,live555,chatafl,1,b_per,13.8
1764851339,live555,chatafl,1,b_abs,2563
1764853262,live555,chatafl,1,l_per,22.8
1764853262,live555,chatafl,1,l_abs,5449
1764853262,live555,chatafl,1,b_per,13.8
1764853262,live555,chatafl,1,b_abs,2563
1764854103,live555,chatafl,1,l_per,22.8
1764854103,live555,chatafl,1,l_abs,5449
1764854103,live555,chatafl,1,b_per,13.8
1764854103,live555,chatafl,1,b_abs,2563
1764854825,live555,chatafl,1,l_per,22.8
1764854825,live555,chatafl,1,l_abs,5449
1764854825,live555,chatafl,1,b_per,13.8
1764854825,live555,chatafl,1,b_abs,2563
1764855786,live555,chatafl,1,l_per,22.8
1764855786,live555,chatafl,1,l_abs,5449
1764855786,live555,chatafl,1,b_per,13.8
1764855786,live555,chatafl,1,b_abs,2563
1764856327,live555,chatafl,1,l_per,22.8
1764856327,live555,chatafl,1,l_abs,5449
1764856327,live555,chatafl,1,b_per,13.8
1764856327,live555,chatafl,1,b_abs,2563
1764857048,live555,chatafl,1,l_per,22.8
1764857048,live555,chatafl,1,l_abs,5449
1764857048,live555,chatafl,1,b_per,13.8
1764857048,live555,chatafl,1,b_abs,2563
1764857589,live555,chatafl,1,l_per,22.8
1764857589,live555,chatafl,1,l_abs,5449
1764857589,live555,chatafl,1,b_per,13.8
1764857589,live555,chatafl,1,b_abs,2565
1764858371,live555,chatafl,1,l_per,22.8
1764858371,live555,chatafl,1,l_abs,5449
1764858371,live555,chatafl,1,b_per,13.8
1764858371,live555,chatafl,1,b_abs,2565
1764858972,live555,chatafl,1,l_per,22.8
1764858972,live555,chatafl,1,l_abs,5449
1764858972,live555,chatafl,1,b_per,13.8
1764858972,live555,chatafl,1,b_abs,2565
1764859514,live555,chatafl,1,l_per,22.8
1764859514,live555,chatafl,1,l_abs,5449
1764859514,live555,chatafl,1,b_per,13.8
1764859514,live555,chatafl,1,b_abs,2565
1764861257,live555,chatafl,1,l_per,22.8
1764861257,live555,chatafl,1,l_abs,5449
1764861257,live555,chatafl,1,b_per,13.8
1764861257,live555,chatafl,1,b_abs,2565
1764862339,live555,chatafl,1,l_per,22.8
1764862339,live555,chatafl,1,l_abs,5449
1764862339,live555,chatafl,1,b_per,13.9
1764862339,live555,chatafl,1,b_abs,2566
1764863301,live555,chatafl,1,l_per,22.8
1764863301,live555,chatafl,1,l_abs,5449
1764863301,live555,chatafl,1,b_per,13.9
1764863301,live555,chatafl,1,b_abs,2566
1764776530,live555,xpgfuzz,1,l_per,13.7
1764776530,live555,xpgfuzz,1,l_abs,3238
1764776530,live555,xpgfuzz,1,b_per,8.2
1764776530,live555,xpgfuzz,1,b_abs,1523
1764778931,live555,xpgfuzz,1,l_per,14.3
1764778931,live555,xpgfuzz,1,l_abs,3389
1764778931,live555,xpgfuzz,1,b_per,8.5
1764778931,live555,xpgfuzz,1,b_abs,1570
1764781333,live555,xpgfuzz,1,l_per,17.2
1764781333,live555,xpgfuzz,1,l_abs,4086
1764781333,live555,xpgfuzz,1,b_per,10.2
1764781333,live555,xpgfuzz,1,b_abs,1892
1764783734,live555,xpgfuzz,1,l_per,19.4
1764783734,live555,xpgfuzz,1,l_abs,4610
1764783734,live555,xpgfuzz,1,b_per,11.4
1764783734,live555,xpgfuzz,1,b_abs,2114
1764786136,live555,xpgfuzz,1,l_per,21.1
1764786136,live555,xpgfuzz,1,l_abs,5027
1764786136,live555,xpgfuzz,1,b_per,12.3
1764786136,live555,xpgfuzz,1,b_abs,2273
1764788538,live555,xpgfuzz,1,l_per,21.8
1764788538,live555,xpgfuzz,1,l_abs,5186
1764788538,live555,xpgfuzz,1,b_per,12.8
1764788538,live555,xpgfuzz,1,b_abs,2378
1764790939,live555,xpgfuzz,1,l_per,22.4
1764790939,live555,xpgfuzz,1,l_abs,5334
1764790939,live555,xpgfuzz,1,b_per,13.3
1764790939,live555,xpgfuzz,1,b_abs,2454
1764776530,live555,xpgfuzz,1,l_per,22.4
1764776530,live555,xpgfuzz,1,l_abs,5334
1764776530,live555,xpgfuzz,1,b_per,13.3
1764776530,live555,xpgfuzz,1,b_abs,2454
1764778931,live555,xpgfuzz,1,l_per,22.4
1764778931,live555,xpgfuzz,1,l_abs,5334
1764778931,live555,xpgfuzz,1,b_per,13.3
1764778931,live555,xpgfuzz,1,b_abs,2454
1764781333,live555,xpgfuzz,1,l_per,22.4
1764781333,live555,xpgfuzz,1,l_abs,5334
1764781333,live555,xpgfuzz,1,b_per,13.3
1764781333,live555,xpgfuzz,1,b_abs,2454
1764783734,live555,xpgfuzz,1,l_per,22.4
1764783734,live555,xpgfuzz,1,l_abs,5334
1764783734,live555,xpgfuzz,1,b_per,13.3
1764783734,live555,xpgfuzz,1,b_abs,2454
1764786136,live555,xpgfuzz,1,l_per,22.4
1764786136,live555,xpgfuzz,1,l_abs,5334
1764786136,live555,xpgfuzz,1,b_per,13.3
1764786136,live555,xpgfuzz,1,b_abs,2454
1764788538,live555,xpgfuzz,1,l_per,22.6
1764788538,live555,xpgfuzz,1,l_abs,5380
1764788538,live555,xpgfuzz,1,b_per,13.3
1764788538,live555,xpgfuzz,1,b_abs,2471
1764790939,live555,xpgfuzz,1,l_per,22.6
1764790939,live555,xpgfuzz,1,l_abs,5380
1764790939,live555,xpgfuzz,1,b_per,13.3
1764790939,live555,xpgfuzz,1,b_abs,2471
1764791003,live555,xpgfuzz,1,l_per,22.6
1764791003,live555,xpgfuzz,1,l_abs,5384
1764791003,live555,xpgfuzz,1,b_per,13.4
1764791003,live555,xpgfuzz,1,b_abs,2486
1764791544,live555,xpgfuzz,1,l_per,22.6
1764791544,live555,xpgfuzz,1,l_abs,5386
1764791544,live555,xpgfuzz,1,b_per,13.4
1764791544,live555,xpgfuzz,1,b_abs,2488
1764792085,live555,xpgfuzz,1,l_per,22.7
1764792085,live555,xpgfuzz,1,l_abs,5409
1764792085,live555,xpgfuzz,1,b_per,13.5
1764792085,live555,xpgfuzz,1,b_abs,2503
1764792625,live555,xpgfuzz,1,l_per,22.7
1764792625,live555,xpgfuzz,1,l_abs,5414
1764792625,live555,xpgfuzz,1,b_per,13.5
1764792625,live555,xpgfuzz,1,b_abs,2508
1764795087,live555,xpgfuzz,1,l_per,22.7
1764795087,live555,xpgfuzz,1,l_abs,5414
1764795087,live555,xpgfuzz,1,b_per,13.5
1764795087,live555,xpgfuzz,1,b_abs,2509
1764795628,live555,xpgfuzz,1,l_per,22.7
1764795628,live555,xpgfuzz,1,l_abs,5414
1764795628,live555,xpgfuzz,1,b_per,13.5
1764795628,live555,xpgfuzz,1,b_abs,2509
1764798090,live555,xpgfuzz,1,l_per,22.7
1764798090,live555,xpgfuzz,1,l_abs,5414
1764798090,live555,xpgfuzz,1,b_per,13.6
1764798090,live555,xpgfuzz,1,b_abs,2510
1764800552,live555,xpgfuzz,1,l_per,22.7
1764800552,live555,xpgfuzz,1,l_abs,5414
1764800552,live555,xpgfuzz,1,b_per,13.6
1764800552,live555,xpgfuzz,1,b_abs,2510
1764801092,live555,xpgfuzz,1,l_per,22.7
1764801092,live555,xpgfuzz,1,l_abs,5414
1764801092,live555,xpgfuzz,1,b_per,13.6
1764801092,live555,xpgfuzz,1,b_abs,2511
1764801633,live555,xpgfuzz,1,l_per,22.7
1764801633,live555,xpgfuzz,1,l_abs,5414
1764801633,live555,xpgfuzz,1,b_per,13.6
1764801633,live555,xpgfuzz,1,b_abs,2511
1764802173,live555,xpgfuzz,1,l_per,22.7
1764802173,live555,xpgfuzz,1,l_abs,5414
1764802173,live555,xpgfuzz,1,b_per,13.6
1764802173,live555,xpgfuzz,1,b_abs,2511
1764802773,live555,xpgfuzz,1,l_per,22.7
1764802773,live555,xpgfuzz,1,l_abs,5414
1764802773,live555,xpgfuzz,1,b_per,13.6
1764802773,live555,xpgfuzz,1,b_abs,2511
1764803314,live555,xpgfuzz,1,l_per,22.7
1764803314,live555,xpgfuzz,1,l_abs,5414
1764803314,live555,xpgfuzz,1,b_per,13.6
1764803314,live555,xpgfuzz,1,b_abs,2511
1764803854,live555,xpgfuzz,1,l_per,22.7
1764803854,live555,xpgfuzz,1,l_abs,5414
1764803854,live555,xpgfuzz,1,b_per,13.6
1764803854,live555,xpgfuzz,1,b_abs,2511
1764804635,live555,xpgfuzz,1,l_per,22.7
1764804635,live555,xpgfuzz,1,l_abs,5414
1764804635,live555,xpgfuzz,1,b_per,13.6
1764804635,live555,xpgfuzz,1,b_abs,2511
1764805175,live555,xpgfuzz,1,l_per,22.7
1764805175,live555,xpgfuzz,1,l_abs,5414
1764805175,live555,xpgfuzz,1,b_per,13.6
1764805175,live555,xpgfuzz,1,b_abs,2512
1764805716,live555,xpgfuzz,1,l_per,22.7
1764805716,live555,xpgfuzz,1,l_abs,5414
1764805716,live555,xpgfuzz,1,b_per,13.6
1764805716,live555,xpgfuzz,1,b_abs,2513
1764806316,live555,xpgfuzz,1,l_per,22.7
1764806316,live555,xpgfuzz,1,l_abs,5417
1764806316,live555,xpgfuzz,1,b_per,13.6
1764806316,live555,xpgfuzz,1,b_abs,2516
1764806917,live555,xpgfuzz,1,l_per,22.7
1764806917,live555,xpgfuzz,1,l_abs,5417
1764806917,live555,xpgfuzz,1,b_per,13.6
1764806917,live555,xpgfuzz,1,b_abs,2516
1764807697,live555,xpgfuzz,1,l_per,22.7
1764807697,live555,xpgfuzz,1,l_abs,5417
1764807697,live555,xpgfuzz,1,b_per,13.6
1764807697,live555,xpgfuzz,1,b_abs,2518
1764808238,live555,xpgfuzz,1,l_per,22.8
1764808238,live555,xpgfuzz,1,l_abs,5430
1764808238,live555,xpgfuzz,1,b_per,13.6
1764808238,live555,xpgfuzz,1,b_abs,2525
1764809018,live555,xpgfuzz,1,l_per,22.8
1764809018,live555,xpgfuzz,1,l_abs,5430
1764809018,live555,xpgfuzz,1,b_per,13.6
1764809018,live555,xpgfuzz,1,b_abs,2525
1764809618,live555,xpgfuzz,1,l_per,22.8
1764809618,live555,xpgfuzz,1,l_abs,5430
1764809618,live555,xpgfuzz,1,b_per,13.6
1764809618,live555,xpgfuzz,1,b_abs,2527
1764810219,live555,xpgfuzz,1,l_per,22.8
1764810219,live555,xpgfuzz,1,l_abs,5431
1764810219,live555,xpgfuzz,1,b_per,13.7
1764810219,live555,xpgfuzz,1,b_abs,2530
1764810759,live555,xpgfuzz,1,l_per,22.8
1764810759,live555,xpgfuzz,1,l_abs,5432
1764810759,live555,xpgfuzz,1,b_per,13.7
1764810759,live555,xpgfuzz,1,b_abs,2532
1764811419,live555,xpgfuzz,1,l_per,22.8
1764811419,live555,xpgfuzz,1,l_abs,5432
1764811419,live555,xpgfuzz,1,b_per,13.7
1764811419,live555,xpgfuzz,1,b_abs,2532
1764812019,live555,xpgfuzz,1,l_per,22.8
1764812019,live555,xpgfuzz,1,l_abs,5432
1764812019,live555,xpgfuzz,1,b_per,13.7
1764812019,live555,xpgfuzz,1,b_abs,2532
1764812680,live555,xpgfuzz,1,l_per,22.8
1764812680,live555,xpgfuzz,1,l_abs,5432
1764812680,live555,xpgfuzz,1,b_per,13.7
1764812680,live555,xpgfuzz,1,b_abs,2532
1764815143,live555,xpgfuzz,1,l_per,22.8
1764815143,live555,xpgfuzz,1,l_abs,5432
1764815143,live555,xpgfuzz,1,b_per,13.7
1764815143,live555,xpgfuzz,1,b_abs,2532
1764815744,live555,xpgfuzz,1,l_per,22.8
1764815744,live555,xpgfuzz,1,l_abs,5432
1764815744,live555,xpgfuzz,1,b_per,13.7
1764815744,live555,xpgfuzz,1,b_abs,2532
1764816284,live555,xpgfuzz,1,l_per,22.8
1764816284,live555,xpgfuzz,1,l_abs,5432
1764816284,live555,xpgfuzz,1,b_per,13.7
1764816284,live555,xpgfuzz,1,b_abs,2532
1764816884,live555,xpgfuzz,1,l_per,22.8
1764816884,live555,xpgfuzz,1,l_abs,5432
1764816884,live555,xpgfuzz,1,b_per,13.7
1764816884,live555,xpgfuzz,1,b_abs,2532
1764817425,live555,xpgfuzz,1,l_per,22.8
1764817425,live555,xpgfuzz,1,l_abs,5432
1764817425,live555,xpgfuzz,1,b_per,13.7
1764817425,live555,xpgfuzz,1,b_abs,2532
1764817966,live555,xpgfuzz,1,l_per,22.8
1764817966,live555,xpgfuzz,1,l_abs,5432
1764817966,live555,xpgfuzz,1,b_per,13.7
1764817966,live555,xpgfuzz,1,b_abs,2534
1764820429,live555,xpgfuzz,1,l_per,22.8
1764820429,live555,xpgfuzz,1,l_abs,5432
1764820429,live555,xpgfuzz,1,b_per,13.7
1764820429,live555,xpgfuzz,1,b_abs,2534
1764821149,live555,xpgfuzz,1,l_per,22.8
1764821149,live555,xpgfuzz,1,l_abs,5432
1764821149,live555,xpgfuzz,1,b_per,13.7
1764821149,live555,xpgfuzz,1,b_abs,2535
1764821810,live555,xpgfuzz,1,l_per,22.8
1764821810,live555,xpgfuzz,1,l_abs,5432
1764821810,live555,xpgfuzz,1,b_per,13.7
1764821810,live555,xpgfuzz,1,b_abs,2535
1764822350,live555,xpgfuzz,1,l_per,22.8
1764822350,live555,xpgfuzz,1,l_abs,5432
1764822350,live555,xpgfuzz,1,b_per,13.7
1764822350,live555,xpgfuzz,1,b_abs,2535
1764823130,live555,xpgfuzz,1,l_per,22.8
1764823130,live555,xpgfuzz,1,l_abs,5432
1764823130,live555,xpgfuzz,1,b_per,13.7
1764823130,live555,xpgfuzz,1,b_abs,2535
1764823731,live555,xpgfuzz,1,l_per,22.9
1764823731,live555,xpgfuzz,1,l_abs,5465
1764823731,live555,xpgfuzz,1,b_per,13.8
1764823731,live555,xpgfuzz,1,b_abs,2557
1764824451,live555,xpgfuzz,1,l_per,22.9
1764824451,live555,xpgfuzz,1,l_abs,5465
1764824451,live555,xpgfuzz,1,b_per,13.8
1764824451,live555,xpgfuzz,1,b_abs,2557
1764824992,live555,xpgfuzz,1,l_per,22.9
1764824992,live555,xpgfuzz,1,l_abs,5465
1764824992,live555,xpgfuzz,1,b_per,13.8
1764824992,live555,xpgfuzz,1,b_abs,2557
1764825532,live555,xpgfuzz,1,l_per,22.9
1764825532,live555,xpgfuzz,1,l_abs,5465
1764825532,live555,xpgfuzz,1,b_per,13.8
1764825532,live555,xpgfuzz,1,b_abs,2557
1764826133,live555,xpgfuzz,1,l_per,22.9
1764826133,live555,xpgfuzz,1,l_abs,5467
1764826133,live555,xpgfuzz,1,b_per,13.8
1764826133,live555,xpgfuzz,1,b_abs,2559
1764826793,live555,xpgfuzz,1,l_per,22.9
1764826793,live555,xpgfuzz,1,l_abs,5467
1764826793,live555,xpgfuzz,1,b_per,13.8
1764826793,live555,xpgfuzz,1,b_abs,2559
1764827393,live555,xpgfuzz,1,l_per,22.9
1764827393,live555,xpgfuzz,1,l_abs,5467
1764827393,live555,xpgfuzz,1,b_per,13.8
1764827393,live555,xpgfuzz,1,b_abs,2559
1764828234,live555,xpgfuzz,1,l_per,22.9
1764828234,live555,xpgfuzz,1,l_abs,5467
1764828234,live555,xpgfuzz,1,b_per,13.8
1764828234,live555,xpgfuzz,1,b_abs,2559
1764830695,live555,xpgfuzz,1,l_per,22.9
1764830695,live555,xpgfuzz,1,l_abs,5467
1764830695,live555,xpgfuzz,1,b_per,13.8
1764830695,live555,xpgfuzz,1,b_abs,2560
1764831296,live555,xpgfuzz,1,l_per,22.9
1764831296,live555,xpgfuzz,1,l_abs,5467
1764831296,live555,xpgfuzz,1,b_per,13.8
1764831296,live555,xpgfuzz,1,b_abs,2562
1764832076,live555,xpgfuzz,1,l_per,22.9
1764832076,live555,xpgfuzz,1,l_abs,5467
1764832076,live555,xpgfuzz,1,b_per,13.8
1764832076,live555,xpgfuzz,1,b_abs,2563
1764832677,live555,xpgfuzz,1,l_per,22.9
1764832677,live555,xpgfuzz,1,l_abs,5473
1764832677,live555,xpgfuzz,1,b_per,13.8
1764832677,live555,xpgfuzz,1,b_abs,2564
1764833639,live555,xpgfuzz,1,l_per,22.9
1764833639,live555,xpgfuzz,1,l_abs,5473
1764833639,live555,xpgfuzz,1,b_per,13.8
1764833639,live555,xpgfuzz,1,b_abs,2565
1764834420,live555,xpgfuzz,1,l_per,22.9
1764834420,live555,xpgfuzz,1,l_abs,5474
1764834420,live555,xpgfuzz,1,b_per,13.9
1764834420,live555,xpgfuzz,1,b_abs,2574
1764835322,live555,xpgfuzz,1,l_per,22.9
1764835322,live555,xpgfuzz,1,l_abs,5474
1764835322,live555,xpgfuzz,1,b_per,13.9
1764835322,live555,xpgfuzz,1,b_abs,2574
1764836164,live555,xpgfuzz,1,l_per,23.0
1764836164,live555,xpgfuzz,1,l_abs,5479
1764836164,live555,xpgfuzz,1,b_per,13.9
1764836164,live555,xpgfuzz,1,b_abs,2580
1764836705,live555,xpgfuzz,1,l_per,23.0
1764836705,live555,xpgfuzz,1,l_abs,5479
1764836705,live555,xpgfuzz,1,b_per,13.9
1764836705,live555,xpgfuzz,1,b_abs,2580
1764837306,live555,xpgfuzz,1,l_per,23.0
1764837306,live555,xpgfuzz,1,l_abs,5479
1764837306,live555,xpgfuzz,1,b_per,13.9
1764837306,live555,xpgfuzz,1,b_abs,2580
1764838328,live555,xpgfuzz,1,l_per,23.0
1764838328,live555,xpgfuzz,1,l_abs,5479
1764838328,live555,xpgfuzz,1,b_per,13.9
1764838328,live555,xpgfuzz,1,b_abs,2580
1764839109,live555,xpgfuzz,1,l_per,23.0
1764839109,live555,xpgfuzz,1,l_abs,5479
1764839109,live555,xpgfuzz,1,b_per,13.9
1764839109,live555,xpgfuzz,1,b_abs,2580
1764840432,live555,xpgfuzz,1,l_per,23.0
1764840432,live555,xpgfuzz,1,l_abs,5479
1764840432,live555,xpgfuzz,1,b_per,14.0
1764840432,live555,xpgfuzz,1,b_abs,2584
1764840974,live555,xpgfuzz,1,l_per,23.0
1764840974,live555,xpgfuzz,1,l_abs,5479
1764840974,live555,xpgfuzz,1,b_per,14.0
1764840974,live555,xpgfuzz,1,b_abs,2584
1764841996,live555,xpgfuzz,1,l_per,23.0
1764841996,live555,xpgfuzz,1,l_abs,5479
1764841996,live555,xpgfuzz,1,b_per,14.0
1764841996,live555,xpgfuzz,1,b_abs,2584
1764842778,live555,xpgfuzz,1,l_per,23.0
1764842778,live555,xpgfuzz,1,l_abs,5479
1764842778,live555,xpgfuzz,1,b_per,14.0
1764842778,live555,xpgfuzz,1,b_abs,2584
1764843439,live555,xpgfuzz,1,l_per,23.0
1764843439,live555,xpgfuzz,1,l_abs,5479
1764843439,live555,xpgfuzz,1,b_per,14.0
1764843439,live555,xpgfuzz,1,b_abs,2584
1764844220,live555,xpgfuzz,1,l_per,23.0
1764844220,live555,xpgfuzz,1,l_abs,5479
1764844220,live555,xpgfuzz,1,b_per,14.0
1764844220,live555,xpgfuzz,1,b_abs,2584
1764844821,live555,xpgfuzz,1,l_per,23.0
1764844821,live555,xpgfuzz,1,l_abs,5479
1764844821,live555,xpgfuzz,1,b_per,14.0
1764844821,live555,xpgfuzz,1,b_abs,2584
1764845361,live555,xpgfuzz,1,l_per,23.0
1764845361,live555,xpgfuzz,1,l_abs,5479
1764845361,live555,xpgfuzz,1,b_per,14.0
1764845361,live555,xpgfuzz,1,b_abs,2586
1764845962,live555,xpgfuzz,1,l_per,23.0
1764845962,live555,xpgfuzz,1,l_abs,5479
1764845962,live555,xpgfuzz,1,b_per,14.0
1764845962,live555,xpgfuzz,1,b_abs,2586
1764846923,live555,xpgfuzz,1,l_per,23.0
1764846923,live555,xpgfuzz,1,l_abs,5479
1764846923,live555,xpgfuzz,1,b_per,14.0
1764846923,live555,xpgfuzz,1,b_abs,2587
1764847463,live555,xpgfuzz,1,l_per,23.0
1764847463,live555,xpgfuzz,1,l_abs,5479
1764847463,live555,xpgfuzz,1,b_per,14.0
1764847463,live555,xpgfuzz,1,b_abs,2587
1764848906,live555,xpgfuzz,1,l_per,23.0
1764848906,live555,xpgfuzz,1,l_abs,5479
1764848906,live555,xpgfuzz,1,b_per,14.0
1764848906,live555,xpgfuzz,1,b_abs,2587
1764849627,live555,xpgfuzz,1,l_per,23.0
1764849627,live555,xpgfuzz,1,l_abs,5479
1764849627,live555,xpgfuzz,1,b_per,14.0
1764849627,live555,xpgfuzz,1,b_abs,2587
1764850167,live555,xpgfuzz,1,l_per,23.0
1764850167,live555,xpgfuzz,1,l_abs,5479
1764850167,live555,xpgfuzz,1,b_per,14.0
1764850167,live555,xpgfuzz,1,b_abs,2587
1764851729,live555,xpgfuzz,1,l_per,23.0
1764851729,live555,xpgfuzz,1,l_abs,5479
1764851729,live555,xpgfuzz,1,b_per,14.0
1764851729,live555,xpgfuzz,1,b_abs,2587
1764852570,live555,xpgfuzz,1,l_per,23.0
1764852570,live555,xpgfuzz,1,l_abs,5479
1764852570,live555,xpgfuzz,1,b_per,14.0
1764852570,live555,xpgfuzz,1,b_abs,2589
1764853472,live555,xpgfuzz,1,l_per,23.0
1764853472,live555,xpgfuzz,1,l_abs,5479
1764853472,live555,xpgfuzz,1,b_per,14.0
1764853472,live555,xpgfuzz,1,b_abs,2589
1764854013,live555,xpgfuzz,1,l_per,23.0
1764854013,live555,xpgfuzz,1,l_abs,5479
1764854013,live555,xpgfuzz,1,b_per,14.0
1764854013,live555,xpgfuzz,1,b_abs,2589
1764854615,live555,xpgfuzz,1,l_per,23.0
1764854615,live555,xpgfuzz,1,l_abs,5486
1764854615,live555,xpgfuzz,1,b_per,14.0
1764854615,live555,xpgfuzz,1,b_abs,2593
1764855276,live555,xpgfuzz,1,l_per,23.0
1764855276,live555,xpgfuzz,1,l_abs,5486
1764855276,live555,xpgfuzz,1,b_per,14.0
1764855276,live555,xpgfuzz,1,b_abs,2593
1764855817,live555,xpgfuzz,1,l_per,23.0
1764855817,live555,xpgfuzz,1,l_abs,5486
1764855817,live555,xpgfuzz,1,b_per,14.0
1764855817,live555,xpgfuzz,1,b_abs,2593
1764856478,live555,xpgfuzz,1,l_per,23.0
1764856478,live555,xpgfuzz,1,l_abs,5486
1764856478,live555,xpgfuzz,1,b_per,14.0
1764856478,live555,xpgfuzz,1,b_abs,2593
1764859364,live555,xpgfuzz,1,l_per,23.0
1764859364,live555,xpgfuzz,1,l_abs,5486
1764859364,live555,xpgfuzz,1,b_per,14.0
1764859364,live555,xpgfuzz,1,b_abs,2593
1764861047,live555,xpgfuzz,1,l_per,23.0
1764861047,live555,xpgfuzz,1,l_abs,5486
1764861047,live555,xpgfuzz,1,b_per,14.0
1764861047,live555,xpgfuzz,1,b_abs,2593
1764862009,live555,xpgfuzz,1,l_per,23.0
1764862009,live555,xpgfuzz,1,l_abs,5486
1764862009,live555,xpgfuzz,1,b_per,14.0
1764862009,live555,xpgfuzz,1,b_abs,2593
1764862972,live555,xpgfuzz,1,l_per,23.0
1764862972,live555,xpgfuzz,1,l_abs,5486
1764862972,live555,xpgfuzz,1,b_per,14.0
1764862972,live555,xpgfuzz,1,b_abs,2593
1764863693,live555,xpgfuzz,1,l_per,23.0
1764863693,live555,xpgfuzz,1,l_abs,5487
1764863693,live555,xpgfuzz,1,b_per,14.0
1764863693,live555,xpgfuzz,1,b_abs,2594
