time,subject,fuzzer,run,state_type,state
1764790882,live555,aflnet,1,nodes,6
1764790882,live555,aflnet,1,edges,7
1764791422,live555,aflnet,1,nodes,6
1764791422,live555,aflnet,1,edges,8
1764791963,live555,aflnet,1,nodes,7
1764791963,live555,aflnet,1,edges,10
1764792503,live555,aflnet,1,nodes,9
1764792503,live555,aflnet,1,edges,12
1764793043,live555,aflnet,1,nodes,9
1764793043,live555,aflnet,1,edges,12
1764793584,live555,aflnet,1,nodes,9
1764793584,live555,aflnet,1,edges,13
1764794124,live555,aflnet,1,nodes,9
1764794124,live555,aflnet,1,edges,14
1764796585,live555,aflnet,1,nodes,9
1764796585,live555,aflnet,1,edges,15
1764797186,live555,aflnet,1,nodes,9
1764797186,live555,aflnet,1,edges,15
1764797726,live555,aflnet,1,nodes,9
1764797726,live555,aflnet,1,edges,16
1764798266,live555,aflnet,1,nodes,9
1764798266,live555,aflnet,1,edges,17
1764800729,live555,aflnet,1,nodes,9
1764800729,live555,aflnet,1,edges,17
1764801270,live555,aflnet,1,nodes,9
1764801270,live555,aflnet,1,edges,18
1764801810,live555,aflnet,1,nodes,9
1764801810,live555,aflnet,1,edges,18
1764802350,live555,aflnet,1,nodes,9
1764802350,live555,aflnet,1,edges,19
1764802951,live555,aflnet,1,nodes,9
1764802951,live555,aflnet,1,edges,20
1764803551,live555,aflnet,1,nodes,9
1764803551,live555,aflnet,1,edges,20
1764804091,live555,aflnet,1,nodes,9
1764804091,live555,aflnet,1,edges,20
1764804631,live555,aflnet,1,nodes,9
1764804631,live555,aflnet,1,edges,20
1764805232,live555,aflnet,1,nodes,9
1764805232,live555,aflnet,1,edges,20
1764805832,live555,aflnet,1,nodes,9
1764805832,live555,aflnet,1,edges,20
1764806372,live555,aflnet,1,nodes,9
1764806372,live555,aflnet,1,edges,21
1764806913,live555,aflnet,1,nodes,9
1764806913,live555,aflnet,1,edges,22
1764807453,live555,aflnet,1,nodes,9
1764807453,live555,aflnet,1,edges,22
1764807994,live555,aflnet,1,nodes,9
1764807994,live555,aflnet,1,edges,24
1764808534,live555,aflnet,1,nodes,9
1764808534,live555,aflnet,1,edges,24
1764809074,live555,aflnet,1,nodes,9
1764809074,live555,aflnet,1,edges,24
1764809615,live555,aflnet,1,nodes,9
1764809615,live555,aflnet,1,edges,25
1764810155,live555,aflnet,1,nodes,9
1764810155,live555,aflnet,1,edges,27
1764810696,live555,aflnet,1,nodes,9
1764810696,live555,aflnet,1,edges,27
1764811296,live555,aflnet,1,nodes,9
1764811296,live555,aflnet,1,edges,27
1764811837,live555,aflnet,1,nodes,9
1764811837,live555,aflnet,1,edges,27
1764812377,live555,aflnet,1,nodes,9
1764812377,live555,aflnet,1,edges,27
1764812918,live555,aflnet,1,nodes,9
1764812918,live555,aflnet,1,edges,27
1764813518,live555,aflnet,1,nodes,9
1764813518,live555,aflnet,1,edges,27
1764814058,live555,aflnet,1,nodes,9
1764814058,live555,aflnet,1,edges,27
1764814599,live555,aflnet,1,nodes,9
1764814599,live555,aflnet,1,edges,27
1764815199,live555,aflnet,1,nodes,9
1764815199,live555,aflnet,1,edges,27
1764815739,live555,aflnet,1,nodes,9
1764815739,live555,aflnet,1,edges,28
1764816279,live555,aflnet,1,nodes,9
1764816279,live555,aflnet,1,edges,29
1764816820,live555,aflnet,1,nodes,9
1764816820,live555,aflnet,1,edges,29
1764817480,live555,aflnet,1,nodes,9
1764817480,live555,aflnet,1,edges,29
1764818082,live555,aflnet,1,nodes,9
1764818082,live555,aflnet,1,edges,29
1764818682,live555,aflnet,1,nodes,9
1764818682,live555,aflnet,1,edges,29
1764819223,live555,aflnet,1,nodes,9
1764819223,live555,aflnet,1,edges,30
1764819763,live555,aflnet,1,nodes,9
1764819763,live555,aflnet,1,edges,31
1764820424,live555,aflnet,1,nodes,9
1764820424,live555,aflnet,1,edges,31
1764821084,live555,aflnet,1,nodes,9
1764821084,live555,aflnet,1,edges,31
1764823606,live555,aflnet,1,nodes,9
1764823606,live555,aflnet,1,edges,32
1764824206,live555,aflnet,1,nodes,9
1764824206,live555,aflnet,1,edges,33
1764824927,live555,aflnet,1,nodes,9
1764824927,live555,aflnet,1,edges,33
1764825467,live555,aflnet,1,nodes,9
1764825467,live555,aflnet,1,edges,33
1764826008,live555,aflnet,1,nodes,9
1764826008,live555,aflnet,1,edges,34
1764826548,live555,aflnet,1,nodes,9
1764826548,live555,aflnet,1,edges,34
1764827148,live555,aflnet,1,nodes,9
1764827148,live555,aflnet,1,edges,34
1764827688,live555,aflnet,1,nodes,9
1764827688,live555,aflnet,1,edges,34
1764828289,live555,aflnet,1,nodes,9
1764828289,live555,aflnet,1,edges,34
1764828829,live555,aflnet,1,nodes,9
1764828829,live555,aflnet,1,edges,36
1764829490,live555,aflnet,1,nodes,9
1764829490,live555,aflnet,1,edges,36
1764830331,live555,aflnet,1,nodes,9
1764830331,live555,aflnet,1,edges,36
1764830931,live555,aflnet,1,nodes,9
1764830931,live555,aflnet,1,edges,36
1764831833,live555,aflnet,1,nodes,9
1764831833,live555,aflnet,1,edges,36
1764832494,live555,aflnet,1,nodes,9
1764832494,live555,aflnet,1,edges,36
1764833035,live555,aflnet,1,nodes,9
1764833035,live555,aflnet,1,edges,36
1764833637,live555,aflnet,1,nodes,9
1764833637,live555,aflnet,1,edges,38
1764834178,live555,aflnet,1,nodes,9
1764834178,live555,aflnet,1,edges,38
1764834719,live555,aflnet,1,nodes,9
1764834719,live555,aflnet,1,edges,38
1764835259,live555,aflnet,1,nodes,9
1764835259,live555,aflnet,1,edges,39
1764836101,live555,aflnet,1,nodes,9
1764836101,live555,aflnet,1,edges,40
1764836702,live555,aflnet,1,nodes,9
1764836702,live555,aflnet,1,edges,40
1764837244,live555,aflnet,1,nodes,9
1764837244,live555,aflnet,1,edges,40
1764837784,live555,aflnet,1,nodes,9
1764837784,live555,aflnet,1,edges,40
1764838568,live555,aflnet,1,nodes,9
1764838568,live555,aflnet,1,edges,40
1764839589,live555,aflnet,1,nodes,9
1764839589,live555,aflnet,1,edges,40
1764840191,live555,aflnet,1,nodes,9
1764840191,live555,aflnet,1,edges,40
1764841035,live555,aflnet,1,nodes,9
1764841035,live555,aflnet,1,edges,41
1764841636,live555,aflnet,1,nodes,9
1764841636,live555,aflnet,1,edges,41
1764842177,live555,aflnet,1,nodes,9
1764842177,live555,aflnet,1,edges,42
1764842839,live555,aflnet,1,nodes,9
1764842839,live555,aflnet,1,edges,42
1764843380,live555,aflnet,1,nodes,9
1764843380,live555,aflnet,1,edges,43
1764844222,live555,aflnet,1,nodes,9
1764844222,live555,aflnet,1,edges,44
1764845124,live555,aflnet,1,nodes,9
1764845124,live555,aflnet,1,edges,44
1764845664,live555,aflnet,1,nodes,9
1764845664,live555,aflnet,1,edges,44
1764847586,live555,aflnet,1,nodes,9
1764847586,live555,aflnet,1,edges,44
1764848188,live555,aflnet,1,nodes,9
1764848188,live555,aflnet,1,edges,44
1764848729,live555,aflnet,1,nodes,9
1764848729,live555,aflnet,1,edges,44
1764849390,live555,aflnet,1,nodes,9
1764849390,live555,aflnet,1,edges,44
1764850111,live555,aflnet,1,nodes,9
1764850111,live555,aflnet,1,edges,44
1764850832,live555,aflnet,1,nodes,9
1764850832,live555,aflnet,1,edges,44
1764851553,live555,aflnet,1,nodes,9
1764851553,live555,aflnet,1,edges,44
1764852154,live555,aflnet,1,nodes,9
1764852154,live555,aflnet,1,edges,44
1764852754,live555,aflnet,1,nodes,9
1764852754,live555,aflnet,1,edges,44
1764853295,live555,aflnet,1,nodes,9
1764853295,live555,aflnet,1,edges,44
1764854257,live555,aflnet,1,nodes,9
1764854257,live555,aflnet,1,edges,44
1764855820,live555,aflnet,1,nodes,9
1764855820,live555,aflnet,1,edges,44
1764856481,live555,aflnet,1,nodes,9
1764856481,live555,aflnet,1,edges,44
1764857504,live555,aflnet,1,nodes,9
1764857504,live555,aflnet,1,edges,44
1764858165,live555,aflnet,1,nodes,9
1764858165,live555,aflnet,1,edges,44
1764858707,live555,aflnet,1,nodes,9
1764858707,live555,aflnet,1,edges,44
1764859308,live555,aflnet,1,nodes,9
1764859308,live555,aflnet,1,edges,44
1764860030,live555,aflnet,1,nodes,9
1764860030,live555,aflnet,1,edges,44
1764860751,live555,aflnet,1,nodes,9
1764860751,live555,aflnet,1,edges,44
1764861292,live555,aflnet,1,nodes,9
1764861292,live555,aflnet,1,edges,47
1764861833,live555,aflnet,1,nodes,9
1764861833,live555,aflnet,1,edges,47
1764862374,live555,aflnet,1,nodes,9
1764862374,live555,aflnet,1,edges,47
1764863216,live555,aflnet,1,nodes,9
1764863216,live555,aflnet,1,edges,47
1764791028,live555,chatafl,1,nodes,5
1764791028,live555,chatafl,1,edges,6
1764793489,live555,chatafl,1,nodes,5
1764793489,live555,chatafl,1,edges,7
1764794030,live555,chatafl,1,nodes,5
1764794030,live555,chatafl,1,edges,7
1764794570,live555,chatafl,1,nodes,6
1764794570,live555,chatafl,1,edges,9
1764795170,live555,chatafl,1,nodes,7
1764795170,live555,chatafl,1,edges,10
1764795710,live555,chatafl,1,nodes,8
1764795710,live555,chatafl,1,edges,12
1764796251,live555,chatafl,1,nodes,8
1764796251,live555,chatafl,1,edges,15
1764796851,live555,chatafl,1,nodes,8
1764796851,live555,chatafl,1,edges,15
1764797392,live555,chatafl,1,nodes,8
1764797392,live555,chatafl,1,edges,18
1764797932,live555,chatafl,1,nodes,8
1764797932,live555,chatafl,1,edges,18
1764798472,live555,chatafl,1,nodes,8
1764798472,live555,chatafl,1,edges,18
1764799013,live555,chatafl,1,nodes,8
1764799013,live555,chatafl,1,edges,18
1764799553,live555,chatafl,1,nodes,9
1764799553,live555,chatafl,1,edges,19
1764800093,live555,chatafl,1,nodes,9
1764800093,live555,chatafl,1,edges,19
1764800634,live555,chatafl,1,nodes,9
1764800634,live555,chatafl,1,edges,19
1764801234,live555,chatafl,1,nodes,9
1764801234,live555,chatafl,1,edges,19
1764801774,live555,chatafl,1,nodes,9
1764801774,live555,chatafl,1,edges,19
1764802314,live555,chatafl,1,nodes,9
1764802314,live555,chatafl,1,edges,19
1764802855,live555,chatafl,1,nodes,9
1764802855,live555,chatafl,1,edges,19
1764803395,live555,chatafl,1,nodes,9
1764803395,live555,chatafl,1,edges,21
1764803935,live555,chatafl,1,nodes,9
1764803935,live555,chatafl,1,edges,21
1764804536,live555,chatafl,1,nodes,9
1764804536,live555,chatafl,1,edges,26
1764806999,live555,chatafl,1,nodes,9
1764806999,live555,chatafl,1,edges,26
1764807539,live555,chatafl,1,nodes,9
1764807539,live555,chatafl,1,edges,27
1764808080,live555,chatafl,1,nodes,9
1764808080,live555,chatafl,1,edges,27
1764808800,live555,chatafl,1,nodes,9
1764808800,live555,chatafl,1,edges,29
1764811264,live555,chatafl,1,nodes,9
1764811264,live555,chatafl,1,edges,29
1764811984,live555,chatafl,1,nodes,9
1764811984,live555,chatafl,1,edges,29
1764812524,live555,chatafl,1,nodes,9
1764812524,live555,chatafl,1,edges,29
1764813065,live555,chatafl,1,nodes,9
1764813065,live555,chatafl,1,edges,29
1764813605,live555,chatafl,1,nodes,9
1764813605,live555,chatafl,1,edges,29
1764814446,live555,chatafl,1,nodes,9
1764814446,live555,chatafl,1,edges,29
1764814986,live555,chatafl,1,nodes,9
1764814986,live555,chatafl,1,edges,29
1764815646,live555,chatafl,1,nodes,9
1764815646,live555,chatafl,1,edges,29
1764816247,live555,chatafl,1,nodes,9
1764816247,live555,chatafl,1,edges,29
1764816907,live555,chatafl,1,nodes,9
1764816907,live555,chatafl,1,edges,29
1764817448,live555,chatafl,1,nodes,9
1764817448,live555,chatafl,1,edges,29
1764818049,live555,chatafl,1,nodes,9
1764818049,live555,chatafl,1,edges,30
1764818589,live555,chatafl,1,nodes,9
1764818589,live555,chatafl,1,edges,30
1764819130,live555,chatafl,1,nodes,9
1764819130,live555,chatafl,1,edges,30
1764819670,live555,chatafl,1,nodes,9
1764819670,live555,chatafl,1,edges,30
1764820211,live555,chatafl,1,nodes,9
1764820211,live555,chatafl,1,edges,30
1764820751,live555,chatafl,1,nodes,9
1764820751,live555,chatafl,1,edges,30
1764821532,live555,chatafl,1,nodes,9
1764821532,live555,chatafl,1,edges,30
1764822192,live555,chatafl,1,nodes,9
1764822192,live555,chatafl,1,edges,30
1764822973,live555,chatafl,1,nodes,9
1764822973,live555,chatafl,1,edges,30
1764823573,live555,chatafl,1,nodes,9
1764823573,live555,chatafl,1,edges,30
1764824294,live555,chatafl,1,nodes,9
1764824294,live555,chatafl,1,edges,30
1764824894,live555,chatafl,1,nodes,9
1764824894,live555,chatafl,1,edges,30
1764825434,live555,chatafl,1,nodes,9
1764825434,live555,chatafl,1,edges,30
1764826095,live555,chatafl,1,nodes,9
1764826095,live555,chatafl,1,edges,32
1764826635,live555,chatafl,1,nodes,9
1764826635,live555,chatafl,1,edges,34
1764827176,live555,chatafl,1,nodes,9
1764827176,live555,chatafl,1,edges,34
1764828076,live555,chatafl,1,nodes,9
1764828076,live555,chatafl,1,edges,36
1764828797,live555,chatafl,1,nodes,9
1764828797,live555,chatafl,1,edges,36
1764829518,live555,chatafl,1,nodes,9
1764829518,live555,chatafl,1,edges,36
1764830058,live555,chatafl,1,nodes,9
1764830058,live555,chatafl,1,edges,36
1764830599,live555,chatafl,1,nodes,9
1764830599,live555,chatafl,1,edges,37
1764831379,live555,chatafl,1,nodes,9
1764831379,live555,chatafl,1,edges,37
1764832581,live555,chatafl,1,nodes,9
1764832581,live555,chatafl,1,edges,37
1764833483,live555,chatafl,1,nodes,9
1764833483,live555,chatafl,1,edges,37
1764834144,live555,chatafl,1,nodes,9
1764834144,live555,chatafl,1,edges,37
1764834806,live555,chatafl,1,nodes,9
1764834806,live555,chatafl,1,edges,37
1764835528,live555,chatafl,1,nodes,9
1764835528,live555,chatafl,1,edges,37
1764836249,live555,chatafl,1,nodes,9
1764836249,live555,chatafl,1,edges,37
1764836791,live555,chatafl,1,nodes,9
1764836791,live555,chatafl,1,edges,37
1764837573,live555,chatafl,1,nodes,9
1764837573,live555,chatafl,1,edges,37
1764838173,live555,chatafl,1,nodes,9
1764838173,live555,chatafl,1,edges,37
1764838714,live555,chatafl,1,nodes,9
1764838714,live555,chatafl,1,edges,37
1764839315,live555,chatafl,1,nodes,9
1764839315,live555,chatafl,1,edges,37
1764839917,live555,chatafl,1,nodes,9
1764839917,live555,chatafl,1,edges,37
1764840580,live555,chatafl,1,nodes,9
1764840580,live555,chatafl,1,edges,37
1764841665,live555,chatafl,1,nodes,9
1764841665,live555,chatafl,1,edges,37
1764842266,live555,chatafl,1,nodes,9
1764842266,live555,chatafl,1,edges,39
1764842807,live555,chatafl,1,nodes,9
1764842807,live555,chatafl,1,edges,40
1764843409,live555,chatafl,1,nodes,9
1764843409,live555,chatafl,1,edges,40
1764844852,live555,chatafl,1,nodes,9
1764844852,live555,chatafl,1,edges,41
1764845632,live555,chatafl,1,nodes,9
1764845632,live555,chatafl,1,edges,41
1764846593,live555,chatafl,1,nodes,9
1764846593,live555,chatafl,1,edges,42
1764847794,live555,chatafl,1,nodes,9
1764847794,live555,chatafl,1,edges,44
1764848395,live555,chatafl,1,nodes,9
1764848395,live555,chatafl,1,edges,44
1764849417,live555,chatafl,1,nodes,9
1764849417,live555,chatafl,1,edges,44
1764850017,live555,chatafl,1,nodes,9
1764850017,live555,chatafl,1,edges,44
1764850558,live555,chatafl,1,nodes,9
1764850558,live555,chatafl,1,edges,45
1764851339,live555,chatafl,1,nodes,9
1764851339,live555,chatafl,1,edges,45
1764853262,live555,chatafl,1,nodes,9
1764853262,live555,chatafl,1,edges,45
1764854104,live555,chatafl,1,nodes,9
1764854104,live555,chatafl,1,edges,45
1764854825,live555,chatafl,1,nodes,9
1764854825,live555,chatafl,1,edges,45
1764855786,live555,chatafl,1,nodes,9
1764855786,live555,chatafl,1,edges,45
1764856327,live555,chatafl,1,nodes,9
1764856327,live555,chatafl,1,edges,45
1764857048,live555,chatafl,1,nodes,9
1764857048,live555,chatafl,1,edges,45
1764857589,live555,chatafl,1,nodes,9
1764857589,live555,chatafl,1,edges,45
1764858371,live555,chatafl,1,nodes,9
1764858371,live555,chatafl,1,edges,45
1764858972,live555,chatafl,1,nodes,9
1764858972,live555,chatafl,1,edges,46
1764859514,live555,chatafl,1,nodes,9
1764859514,live555,chatafl,1,edges,46
1764861257,live555,chatafl,1,nodes,9
1764861257,live555,chatafl,1,edges,46
1764862339,live555,chatafl,1,nodes,9
1764862339,live555,chatafl,1,edges,46
1764863301,live555,chatafl,1,nodes,9
1764863301,live555,chatafl,1,edges,46
1764791003,live555,xpgfuzz,1,nodes,6
1764791003,live555,xpgfuzz,1,edges,8
1764791544,live555,xpgfuzz,1,nodes,6
1764791544,live555,xpgfuzz,1,edges,11
1764792085,live555,xpgfuzz,1,nodes,7
1764792085,live555,xpgfuzz,1,edges,13
1764792625,live555,xpgfuzz,1,nodes,8
1764792625,live555,xpgfuzz,1,edges,15
1764795087,live555,xpgfuzz,1,nodes,8
1764795087,live555,xpgfuzz,1,edges,17
1764795628,live555,xpgfuzz,1,nodes,8
1764795628,live555,xpgfuzz,1,edges,17
1764798090,live555,xpgfuzz,1,nodes,8
1764798090,live555,xpgfuzz,1,edges,17
1764800552,live555,xpgfuzz,1,nodes,8
1764800552,live555,xpgfuzz,1,edges,17
1764801092,live555,xpgfuzz,1,nodes,8
1764801092,live555,xpgfuzz,1,edges,18
1764801633,live555,xpgfuzz,1,nodes,8
1764801633,live555,xpgfuzz,1,edges,18
1764802173,live555,xpgfuzz,1,nodes,8
1764802173,live555,xpgfuzz,1,edges,18
1764802773,live555,xpgfuzz,1,nodes,8
1764802773,live555,xpgfuzz,1,edges,19
1764803314,live555,xpgfuzz,1,nodes,8
1764803314,live555,xpgfuzz,1,edges,21
1764803854,live555,xpgfuzz,1,nodes,8
1764803854,live555,xpgfuzz,1,edges,22
1764804635,live555,xpgfuzz,1,nodes,8
1764804635,live555,xpgfuzz,1,edges,23
1764805175,live555,xpgfuzz,1,nodes,8
1764805175,live555,xpgfuzz,1,edges,23
1764805716,live555,xpgfuzz,1,nodes,8
1764805716,live555,xpgfuzz,1,edges,23
1764806316,live555,xpgfuzz,1,nodes,8
1764806316,live555,xpgfuzz,1,edges,25
1764806917,live555,xpgfuzz,1,nodes,8
1764806917,live555,xpgfuzz,1,edges,25
1764807697,live555,xpgfuzz,1,nodes,8
1764807697,live555,xpgfuzz,1,edges,27
1764808238,live555,xpgfuzz,1,nodes,8
1764808238,live555,xpgfuzz,1,edges,27
1764809018,live555,xpgfuzz,1,nodes,8
1764809018,live555,xpgfuzz,1,edges,27
1764809618,live555,xpgfuzz,1,nodes,8
1764809618,live555,xpgfuzz,1,edges,27
1764810219,live555,xpgfuzz,1,nodes,8
1764810219,live555,xpgfuzz,1,edges,27
1764810759,live555,xpgfuzz,1,nodes,8
1764810759,live555,xpgfuzz,1,edges,27
1764811419,live555,xpgfuzz,1,nodes,8
1764811419,live555,xpgfuzz,1,edges,27
1764812019,live555,xpgfuzz,1,nodes,8
1764812019,live555,xpgfuzz,1,edges,27
1764812680,live555,xpgfuzz,1,nodes,8
1764812680,live555,xpgfuzz,1,edges,27
1764815143,live555,xpgfuzz,1,nodes,8
1764815143,live555,xpgfuzz,1,edges,28
1764815744,live555,xpgfuzz,1,nodes,8
1764815744,live555,xpgfuzz,1,edges,28
1764816284,live555,xpgfuzz,1,nodes,8
1764816284,live555,xpgfuzz,1,edges,28
1764816884,live555,xpgfuzz,1,nodes,8
1764816884,live555,xpgfuzz,1,edges,29
1764817425,live555,xpgfuzz,1,nodes,8
1764817425,live555,xpgfuzz,1,edges,29
1764817966,live555,xpgfuzz,1,nodes,8
1764817966,live555,xpgfuzz,1,edges,32
1764820429,live555,xpgfuzz,1,nodes,8
1764820429,live555,xpgfuzz,1,edges,32
1764821149,live555,xpgfuzz,1,nodes,8
1764821149,live555,xpgfuzz,1,edges,32
1764821810,live555,xpgfuzz,1,nodes,8
1764821810,live555,xpgfuzz,1,edges,32
1764822350,live555,xpgfuzz,1,nodes,8
1764822350,live555,xpgfuzz,1,edges,32
1764823130,live555,xpgfuzz,1,nodes,8
1764823130,live555,xpgfuzz,1,edges,33
1764823731,live555,xpgfuzz,1,nodes,8
1764823731,live555,xpgfuzz,1,edges,33
1764824451,live555,xpgfuzz,1,nodes,8
1764824451,live555,xpgfuzz,1,edges,33
1764824992,live555,xpgfuzz,1,nodes,8
1764824992,live555,xpgfuzz,1,edges,34
1764825532,live555,xpgfuzz,1,nodes,8
1764825532,live555,xpgfuzz,1,edges,34
1764826133,live555,xpgfuzz,1,nodes,8
1764826133,live555,xpgfuzz,1,edges,34
1764826793,live555,xpgfuzz,1,nodes,8
1764826793,live555,xpgfuzz,1,edges,34
1764827393,live555,xpgfuzz,1,nodes,8
1764827393,live555,xpgfuzz,1,edges,36
1764828234,live555,xpgfuzz,1,nodes,8
1764828234,live555,xpgfuzz,1,edges,36
1764830695,live555,xpgfuzz,1,nodes,8
1764830695,live555,xpgfuzz,1,edges,36
1764831296,live555,xpgfuzz,1,nodes,8
1764831296,live555,xpgfuzz,1,edges,36
1764832076,live555,xpgfuzz,1,nodes,8
1764832076,live555,xpgfuzz,1,edges,36
1764832677,live555,xpgfuzz,1,nodes,9
1764832677,live555,xpgfuzz,1,edges,39
1764833639,live555,xpgfuzz,1,nodes,9
1764833639,live555,xpgfuzz,1,edges,39
1764834420,live555,xpgfuzz,1,nodes,9
1764834420,live555,xpgfuzz,1,edges,41
1764835322,live555,xpgfuzz,1,nodes,9
1764835322,live555,xpgfuzz,1,edges,41
1764836164,live555,xpgfuzz,1,nodes,9
1764836164,live555,xpgfuzz,1,edges,43
1764836705,live555,xpgfuzz,1,nodes,9
1764836705,live555,xpgfuzz,1,edges,43
1764837306,live555,xpgfuzz,1,nodes,9
1764837306,live555,xpgfuzz,1,edges,43
1764838328,live555,xpgfuzz,1,nodes,9
1764838328,live555,xpgfuzz,1,edges,43
1764839109,live555,xpgfuzz,1,nodes,9
1764839109,live555,xpgfuzz,1,edges,43
1764840433,live555,xpgfuzz,1,nodes,9
1764840433,live555,xpgfuzz,1,edges,43
1764840974,live555,xpgfuzz,1,nodes,9
1764840974,live555,xpgfuzz,1,edges,43
1764841996,live555,xpgfuzz,1,nodes,9
1764841996,live555,xpgfuzz,1,edges,43
1764842778,live555,xpgfuzz,1,nodes,9
1764842778,live555,xpgfuzz,1,edges,43
1764843439,live555,xpgfuzz,1,nodes,9
1764843439,live555,xpgfuzz,1,edges,43
1764844220,live555,xpgfuzz,1,nodes,9
1764844220,live555,xpgfuzz,1,edges,43
1764844821,live555,xpgfuzz,1,nodes,9
1764844821,live555,xpgfuzz,1,edges,43
1764845361,live555,xpgfuzz,1,nodes,9
1764845361,live555,xpgfuzz,1,edges,43
1764845962,live555,xpgfuzz,1,nodes,9
1764845962,live555,xpgfuzz,1,edges,43
1764846923,live555,xpgfuzz,1,nodes,9
1764846923,live555,xpgfuzz,1,edges,43
1764847463,live555,xpgfuzz,1,nodes,9
1764847463,live555,xpgfuzz,1,edges,43
1764848906,live555,xpgfuzz,1,nodes,9
1764848906,live555,xpgfuzz,1,edges,43
1764849627,live555,xpgfuzz,1,nodes,9
1764849627,live555,xpgfuzz,1,edges,43
1764850167,live555,xpgfuzz,1,nodes,9
1764850167,live555,xpgfuzz,1,edges,43
1764851729,live555,xpgfuzz,1,nodes,9
1764851729,live555,xpgfuzz,1,edges,43
1764852570,live555,xpgfuzz,1,nodes,9
1764852570,live555,xpgfuzz,1,edges,45
1764853472,live555,xpgfuzz,1,nodes,9
1764853472,live555,xpgfuzz,1,edges,45
1764854014,live555,xpgfuzz,1,nodes,9
1764854014,live555,xpgfuzz,1,edges,45
1764854615,live555,xpgfuzz,1,nodes,10
1764854615,live555,xpgfuzz,1,edges,47
1764855276,live555,xpgfuzz,1,nodes,10
1764855276,live555,xpgfuzz,1,edges,48
1764855817,live555,xpgfuzz,1,nodes,10
1764855817,live555,xpgfuzz,1,edges,48
1764856478,live555,xpgfuzz,1,nodes,10
1764856478,live555,xpgfuzz,1,edges,50
1764859364,live555,xpgfuzz,1,nodes,10
1764859364,live555,xpgfuzz,1,edges,50
1764861047,live555,xpgfuzz,1,nodes,10
1764861047,live555,xpgfuzz,1,edges,50
1764862010,live555,xpgfuzz,1,nodes,10
1764862010,live555,xpgfuzz,1,edges,50
1764862972,live555,xpgfuzz,1,nodes,10
1764862972,live555,xpgfuzz,1,edges,50
1764863693,live555,xpgfuzz,1,nodes,10
1764863693,live555,xpgfuzz,1,edges,50
